p_brand,p_cate,p_image,p_mall,p_name,p_number_reviews,p_price,p_rate1star,p_rate2star,p_rate3star,p_rate4star,p_rate5star,p_rating,s_name,s_rating,s_response_rate,s_ship_ontime
Xiaomi,Điện thoại & Máy tính bảng,//vn-live-05.slatic.net/p/312fb5622ebb2bece92971000d8cba45.png_720x720q80.jpg_.webp,Mall,Điện thoại POCO X3 Pro (6GB/128GB | 8GB/256GB) - Hàng chính hãng DGW - Bảo hành 18 tháng - Trả góp 0%,1045 đánh giá,5.490.000 ₫,8,4,11,50,972,4.9,Xiaomi Flagship Store,95%,99%,100%
Samsung,Điện thoại & Máy tính bảng,//vn-live-05.slatic.net/p/f76f7b3783fb7ff0b4ff7de47b798043.jpg_720x720q80.jpg_.webp,Mall,Điện thoại Samsung Galaxy A12 (4GB/128GB) - Cụm 4 camera 48MP - Pin trâu 5.000mAH - Sạc nhanh 15W - Miễn phí vận chuyển - Trả góp 0% - Bảo hành chính hãng 12 tháng,427 đánh giá,3.590.000 ₫,6,3,3,27,388,4.8,SAMSUNG Flagship Store,90%,94%,100%
Apple,Điện thoại & Máy tính bảng,//vn-live-05.slatic.net/p/d7a79416912de88b98569734faa4de9e.jpg_720x720q80.jpg_.webp,Non-Mall,Điện thoại iPhone 4 Quốc tế lắp sim dùng luôn Bảo hành 3 tháng 1 đổi 1 tại nhà trong,1433 đánh giá,339.000 ₫,127,39,71,93,1103,4.4,Vmobile,90%,98%,100%
Samsung,Điện thoại & Máy tính bảng,//vn-live-05.slatic.net/p/a9fe08c480091549052c9bb8e1362628.jpg_720x720q80.jpg_.webp,Non-Mall,"Điện thoại Samsung Galaxy A12 (4GB/128GB) Pin 5000mAh cụm 4 camera màn hình 6.5""- BH 12 tháng",Không có đánh giá,3.490.000 ₫,0,0,0,0,0,0,Di Động Số Thông Minh.,,94%,100%
Apple,Điện thoại & Máy tính bảng,//vn-live-05.slatic.net/p/d11ac34a47c38b99b7a651cadeff4652.jpg_720x720q80.jpg_.webp,Non-Mall,"[Voucher 7% max 500k] Điện thoại iPhone 11 64G QUỐC TẾ fullbox bảo hành 12 tháng- kháng nước , vân tay, kết nối , camera wifi, tai nghe loa bluetooth, đồng hồ thông minh, sạc dự phòng, thuộc mẫu điện thoại giá rẻ 99%",12 đánh giá,11.405.924 ₫,,,,,,,Mobile 79,84%,98%,100%
Apple,Điện thoại & Máy tính bảng,//vn-live-05.slatic.net/p/f51fe4def440a8898cf7e10ee898c49c.png_720x720q80.jpg_.webp,Mall,iPhone 12 Pro Max VN/A - Hàng Chính Hãng (Giao Nhanh),902 đánh giá,30.790.000 ₫,32,2,8,24,836,4.8,Apple Flagship Store,93%,99%,100%
Apple,Điện thoại & Máy tính bảng,//vn-live-05.slatic.net/p/d11ac34a47c38b99b7a651cadeff4652.jpg_720x720q80.jpg_.webp,Non-Mall,"[Voucher 7% max 500k] Điện thoại iPhone 11 128GB QUỐC TẾ fullbox bảo hành 12 tháng - kháng nước , vân tay, kết nối , camera wifi, tai nghe loa bluetooth, đồng hồ thông minh, sạc dự phòng, thuộc mẫu điện thoại",8 đánh giá,11.990.000 ₫,0,1,0,0,7,4.6,Mobile 79,84%,98%,100%
Sharp,Điện thoại & Máy tính bảng,//vn-live-05.slatic.net/p/56594ed006f897e36861e2bb3598f415.jpg_720x720q80.jpg_.webp,Non-Mall,Điện thoại Sharp Aquos R2 SHV42 - Snap 845 Màn tần số quét 120Hz,19 đánh giá,2.192.249 ₫,0,0,2,2,15,4.7,TheLinhStore,91%,96%,100%
Apple,Điện thoại & Máy tính bảng,//vn-live-05.slatic.net/p/b61f933fc261e2c50637199316cc56ab.jpg_720x720q80.jpg_.webp,Non-Mall,Điện thoại iPhone 4S Quốc tế bộ nhớ lên đến 16GB Bảo hành 3 tháng 1 đổi 1 tại nhà nếu lỗi do nhà sản xuất,276 đánh giá,469.000 ₫,26,8,17,22,203,4.3,Vmobile,90%,98%,100%
Oppo,Điện thoại & Máy tính bảng,//vn-live-05.slatic.net/p/833262befb3084473f9aff6ea1f9a0a0.jpg_720x720q80.jpg_.webp,Non-Mall,Điện thoại cảm ứng Smartphone Oppo Neo 7 - A33 (2GB/16GB) - 2 Sim ( Nano SIM & Micro SIM ) - Có Tiếng Việt,19 đánh giá,585.000 ₫,0,0,0,0,19,5.0,ALO MOBILE 1625114727,100%,94%,100%
Nokia,Điện thoại & Máy tính bảng,//vn-live-05.slatic.net/p/5b915bf2b300d37a9a7066b5904d2b75.jpg_720x720q80.jpg_.webp,Non-Mall,"điện thoại cảm ứng giá rẻ nokia lumia 520 , máy đủ màu , tặng kèm sạc",19 đánh giá,315.000 ₫,0,0,0,0,19,5.0,ALO MOBILE 1625114727,100%,94%,100%
Samsung,Điện thoại & Máy tính bảng,//vn-live-05.slatic.net/p/09d5bcdd9304cd229c5dfc344fdd7d45.jpg_720x720q80.jpg_.webp,Mall,"Điện thoại Samsung Galaxy M32 (8GB/128GB) - Hàng Chính Hãng, Mới 100%, Nguyên Seal | Bảo hành 12 tháng",15 đánh giá,5.090.000 ₫,0,0,0,0,15,5.0,HAPPY PHONE,98%,100%,100%
No Brand,Điện thoại & Máy tính bảng,//vn-live-05.slatic.net/p/77ded5fa214028de35cae3de28c8fa0a.jpg_720x720q80.jpg_.webp,Non-Mall,"Điện thoại iPhone 11 pro Max 256Gb bản Quốc Tế Mới 99% CHÍNH HÃNG APPLE Bảo Hành 12 Tháng 1 đổi 1,máy zin chưa bung máy,check full xanh mọi linh kiện,phân khúc smartphone",14 đánh giá,15.990.000 ₫,0,0,0,0,14,5.0,VIỄN THÔNG BẢO TÍN 2,,98%,100%
No Brand,Điện thoại & Máy tính bảng,//vn-live-05.slatic.net/p/3245e83ec2f760dccc39a559d7c60f19.jpg_720x720q80.jpg_.webp,Non-Mall,"Điện thoại iPhone XS 256Gb Quốc Tế Mới 99% CHÍNH HÃNG APPLE Bảo Hành 12 Tháng 1 đổi 1,máy zin chưa bung máy,check full xanh mọi linh kiện,phân khúc smartphone",31 đánh giá,7.990.000 ₫,0,0,0,0,31,5.0,VIỄN THÔNG BẢO TÍN 2,,98%,100%
Nokia,Điện thoại & Máy tính bảng,//vn-live-05.slatic.net/p/60f414f2e6e8bfd6d0c72b44f59bb704.jpg_720x720q80.jpg_.webp,Non-Mall,Điện thoại độc cổ nokia c3 00 Wifi máy cũ vỏ mới giá rẻ,10 đánh giá,249.000 ₫,,,,,,,shop công nghệ siêu rẻ,85%,94%,100%
No Brand,Điện thoại & Máy tính bảng,//vn-live-05.slatic.net/p/99339a02cc470f15c288f1ff55b483d6.jpg_720x720q80.jpg_.webp,Non-Mall,"Điện thoại iPhone 7 128Gb Quốc Tế Mới 99% CHÍNH HÃNG APPLE Bảo Hành 12 Tháng 1 đổi 1,máy zin chưa bung máy,check full xanh mọi linh kiện,phân khúc smartphone",14 đánh giá,2.990.000 ₫,0,0,0,0,14,5.0,VIỄN THÔNG BẢO TÍN 2,,98%,100%
No Brand,Điện thoại & Máy tính bảng,//vn-live-05.slatic.net/p/84afd144cc5a9582f465003fe8633080.jpg_720x720q80.jpg_.webp,Non-Mall,"Điện thoại iPhone 8 256Gb Quốc Tế Mới 99% CHÍNH HÃNG APPLE Bảo Hành 12 Tháng 1 đổi 1,máy zin chưa bung máy,check full xanh mọi linh kiện,phân khúc smartphone",12 đánh giá,3.990.000 ₫,0,0,0,0,12,5.0,VIỄN THÔNG BẢO TÍN 2,,98%,100%
No Brand,Điện thoại & Máy tính bảng,//vn-live-05.slatic.net/p/3245e83ec2f760dccc39a559d7c60f19.jpg_720x720q80.jpg_.webp,Non-Mall,"Điện thoại iPhone XS 64Gb Quốc Tế Mới 99% CHÍNH HÃNG APPLE Bảo Hành 12 Tháng 1 đổi 1,máy zin chưa bung máy,check full xanh mọi linh kiện,phân khúc smartphone",31 đánh giá,7.990.000 ₫,0,0,0,0,31,5.0,VIỄN THÔNG BẢO TÍN 2,,98%,100%
No Brand,Điện thoại & Máy tính bảng,//vn-live-05.slatic.net/p/04a59e9c692878957c376b7ea9b322f0.jpg_720x720q80.jpg_.webp,Non-Mall,"Điện thoại iPhone 8plus 256Gb Quốc Tế Mới 99% CHÍNH HÃNG APPLE Bảo Hành 12 Tháng 1 đổi 1,máy zin chưa bung máy,check full xanh mọi linh kiện,phân khúc smartphone",22 đánh giá,6.590.000 ₫,0,0,0,0,22,5.0,VIỄN THÔNG BẢO TÍN 2,,98%,100%
No Brand,Điện thoại & Máy tính bảng,//vn-live-05.slatic.net/p/84afd144cc5a9582f465003fe8633080.jpg_720x720q80.jpg_.webp,Non-Mall,"Điện thoại iPhone 8 64Gb Quốc Tế Mới 99% CHÍNH HÃNG APPLE Bảo Hành 12 Tháng 1 đổi 1,máy zin chưa bung máy,check full xanh mọi linh kiện,phân khúc smartphone",12 đánh giá,3.990.000 ₫,0,0,0,0,12,5.0,VIỄN THÔNG BẢO TÍN 2,,98%,100%
No Brand,Điện thoại & Máy tính bảng,//vn-live-05.slatic.net/p/04a59e9c692878957c376b7ea9b322f0.jpg_720x720q80.jpg_.webp,Non-Mall,"Điện thoại iPhone 8plus 64Gb Quốc Tế Mới 99% CHÍNH HÃNG APPLE Bảo Hành 12 Tháng 1 đổi 1,máy zin chưa bung máy,check full xanh mọi linh kiện,phân khúc smartphone",22 đánh giá,6.390.000 ₫,0,0,0,0,22,5.0,VIỄN THÔNG BẢO TÍN 2,,98%,100%
No Brand,Điện thoại & Máy tính bảng,//vn-live-05.slatic.net/p/c3c96bbd337f98be2ede66f3d0f87db7.jpg_720x720q80.jpg_.webp,Non-Mall,dầu dưỡng tóc 128,Không có đánh giá,1.000 ₫,0,0,0,0,0,0,VIỄN THÔNG BẢO TÍN 2,,98%,100%
vsmart,Điện thoại & Máy tính bảng,//vn-live-05.slatic.net/p/4d4f35bbdf71abdb61a04e678720f693.jpg_720x720q80.jpg_.webp,Non-Mall,Điện thoại Vsmart Joy 4 (4GB/64GB) - Hàng chính hãng - Màn hình 6.53inch FHD+ Bộ 4 camera sau Pin 5000mAh cảm biến vân tay mặt lưng,107 đánh giá,3.590.000 ₫,,,,,,,Long Hưng Mobile Store,98%,100%,100%
Xiaomi,Điện thoại & Máy tính bảng,//vn-live-05.slatic.net/p/0bab2e2743ea0c640b90788e71ecb2d9.jpg_720x720q80.jpg_.webp,Non-Mall,Xiaomi Redmi 3s mới 98% RAM 2GB bộ nhớ 16GB chip Snapdragon 430 8 nhân mạnh mẽ,11 đánh giá,975.000 ₫,0,0,2,1,8,4.5,kechaoda,93%,100%,100%
No Brand,Điện thoại & Máy tính bảng,//vn-live-05.slatic.net/p/48af34a9ad04ed91794f3d52d404b055.jpg_720x720q80.jpg_.webp,Non-Mall,"Điện thoại iPhone X 64Gb Quốc Tế Mới 99% CHÍNH HÃNG APPLE Bảo Hành 12 Tháng 1 đổi 1,máy zin chưa bung máy,check full xanh mọi linh kiện,phân khúc smartphone",28 đánh giá,7.090.000 ₫,,,,,,,VIỄN THÔNG BẢO TÍN 2,,98%,100%
Xiaomi,Điện thoại & Máy tính bảng,//vn-live-05.slatic.net/p/cca2da220f27a6788a03d08047ac5622.png_720x720q80.jpg_.webp,Non-Mall,"[CHÍNH HÃNG] Điện thoại POCO X3 Pro 6GB/128GB - FULL TIẾNG VIỆT | Chip Snapdragon 860 (7nm) | Màn hình IPS 6.67"" - 120Hz | Trang bị loa kép | Pin 5160 mAh - Sạc nhanh 33W | Cảm biến vân tay | Nhận diện khuôn mặt - BH Chính hãng 18 tháng",25 đánh giá,5.590.000 ₫,,,,,,,LEAD DIGITAL,98%,100%,100%
No Brand,Điện thoại & Máy tính bảng,//vn-live-05.slatic.net/p/10cb3392b8291385c10db99d211bc33d.jpg_720x720q80.jpg_.webp,Non-Mall,"Điện thoại iPhone 11 Pro 64Gb Quốc Tế Mới 99% CHÍNH HÃNG APPLE Bảo Hành 12 Tháng 1 đổi 1,máy zin chưa bung máy,check full xanh mọi linh kiện",27 đánh giá,13.490.000 ₫,0,0,0,0,27,5.0,VIỄN THÔNG BẢO TÍN 2,,98%,100%
No Brand,Điện thoại & Máy tính bảng,//vn-live-05.slatic.net/p/47c49d3b64bde8db32d203070284efb5.jpg_720x720q80.jpg_.webp,Non-Mall,"Điện thoại iPhone 11 128Gb Quốc Tế Mới 99% CHÍNH HÃNG APPLE Bảo Hành 12 Tháng 1 đổi 1,máy zin chưa bung máy,check full xanh mọi linh kiện",21 đánh giá,11.490.000 ₫,,,,,,,VIỄN THÔNG BẢO TÍN 2,,98%,100%
Samsung,Điện thoại & Máy tính bảng,//vn-live-05.slatic.net/p/eaa2e154ce93c041865b473bcf0a1116.jpg_720x720q80.jpg_.webp,Non-Mall,[Trả góp 0%]Điện Thoại Samsung A12 4GB/128GB - Hàng Chính Hãng,9 đánh giá,3.689.000 ₫,0,0,0,0,9,5.0,Hồng Hạnh Mobile,97%,100%,100%
vsmart,Điện thoại & Máy tính bảng,//vn-live-05.slatic.net/p/c9ffa3dca83dc40987b236aea85fd364.jpg_720x720q80.jpg_.webp,Non-Mall,Điện Thoại Vsmart Joy 4 6GB/64GB - Hàng Chính Hãng,18 đánh giá,3.490.000 ₫,0,0,1,0,17,4.9,Hồng Hạnh Mobile,97%,100%,100%
No Brand,Điện thoại & Máy tính bảng,//vn-live-05.slatic.net/p/47c49d3b64bde8db32d203070284efb5.jpg_720x720q80.jpg_.webp,Non-Mall,"Điện thoại iPhone 11 64Gb Quốc Tế Mới 99% CHÍNH HÃNG APPLE Bảo Hành 12 Tháng 1 đổi 1,máy zin chưa bung máy,check full xanh mọi linh kiện",22 đánh giá,9.490.000 ₫,0,0,0,0,22,5.0,VIỄN THÔNG BẢO TÍN 2,,98%,100%
No Brand,Điện thoại & Máy tính bảng,//vn-live-05.slatic.net/p/2b45b0bd3c92f3553a72898dc4ab6d2c.jpg_720x720q80.jpg_.webp,Non-Mall,"Điện thoại iPhone XS MAX 256Gb Quốc Tế Mới 99% CHÍNH HÃNG APPLE Bảo Hành 12 Tháng 1 đổi 1,máy zin chưa bung máy,check full xanh mọi linh kiện",25 đánh giá,8.990.000 ₫,0,0,0,0,25,5.0,VIỄN THÔNG BẢO TÍN 2,,98%,100%
OEM,Điện thoại & Máy tính bảng,//vn-live-05.slatic.net/p/21b60fda6ae084cfeb557b2d7bfec9f8.jpg_720x720q80.jpg_.webp,Non-Mall,Điện Thoại Iphone 4S Cấu Hình Mạnh.Tặng Kèm Dây Sạc,8 đánh giá,305.000 ₫,2,1,1,0,4,3.4,HD Shop -0961689991,82%,Không đủ thông tin,100%
Samsung,Điện thoại & Máy tính bảng,//vn-live-05.slatic.net/p/38b6df9c298e22151570fa447fe61bfa.jpg_720x720q80.jpg_.webp,Non-Mall,[Voucher 7% từ 04.08 đến 06.08] [Trả góp 0%]Điện thoại Samsung Galaxy A12 (4GB/128GB) Bảo Hành Chinh Hãng Hàng,6 đánh giá,3.680.000 ₫,0,0,0,1,5,4.8,Tuan Duong Mobile,88%,93%,100%
No Brand,Điện thoại & Máy tính bảng,//vn-live-05.slatic.net/p/10cb3392b8291385c10db99d211bc33d.jpg_720x720q80.jpg_.webp,Non-Mall,"Điện thoại iPhone 11 Pro 256Gb Quốc Tế Mới 99% CHÍNH HÃNG APPLE Bảo Hành 12 Tháng 1 đổi 1,máy zin chưa bung máy,chech full xanh mọi linh kiện",23 đánh giá,13.490.000 ₫,0,0,0,0,23,5.0,VIỄN THÔNG BẢO TÍN 2,,98%,100%
LG,Điện thoại & Máy tính bảng,https://filebroker-s.slatic.net/Se0c6aeab9d6840229025d91b43f01c9fk.jpg_720x720q80.jpg_.webp,Non-Mall,LG V40ThinQ,Không có đánh giá,2.350.000 ₫,0,0,0,0,0,0,Điện thoại LG V40ThinQ,,Không đủ thông tin,100%
No Brand,Điện thoại & Máy tính bảng,//vn-live-05.slatic.net/p/21fc76f94a4d81c7cf2de8c5deb8dc5a.jpg_720x720q80.jpg_.webp,Non-Mall,đầu đưỡng tóc 256,Không có đánh giá,1.000 ₫,0,0,0,0,0,0,VIỄN THÔNG BẢO TÍN 2,,98%,100%
OEM,Điện thoại & Máy tính bảng,//vn-live-05.slatic.net/p/fbfa7c9eb6f396dddd617fe127319dd0.jpg_720x720q80.jpg_.webp,Non-Mall,Điện Thoại Samsung A12 (6GB/128GB),Không có đánh giá,4.090.000 ₫,0,0,0,0,0,0,quynhvienthong,,Không đủ thông tin,Không đủ thông tin
Samsung,Điện thoại & Máy tính bảng,https://filebroker-s.slatic.net/S99efffbdb45c46a792f0410254e2327bu.jpg_720x720q80.jpg_.webp,Non-Mall,SAMSUNG M22 ram 4/128GB hàng chính hãng,Không có đánh giá,4.490.000 ₫,0,0,0,0,0,0,Quangtho mobile,100%,95%,100%
Xiaomi,Điện thoại & Máy tính bảng,//vn-live-05.slatic.net/p/3ad1b986c0e22ecef9802e47fea18cd0.jpg_720x720q80.jpg_.webp,Non-Mall,"ĐIỆN THOẠI XIAOMI REDMI 2A, 2 SIM, CÓ TIẾNG VIỆT GIÁ RẺ",Không có đánh giá,479.000 ₫,0,0,0,0,0,0,GIÁ KHO SHOP,86%,Không đủ thông tin,100%
Huawei,Điện thoại & Máy tính bảng,//vn-live-05.slatic.net/p/43db6a5939f51d7ea0309010cb0788bc.jpg_720x720q80.jpg_.webp,Mall,Siêu Sale 10.10-14.10] Voucher 50K | TRẢ GÓP 0% | Máy tính bảng HUAWEI MatePad 64GB | Màn hình 2K FullView | Hiệu suất mạnh mẽ | Âm thanh vòm sống động | Quà Tặng: FPT Play,76 đánh giá,6.990.000 ₫,1,0,0,10,65,4.8,Huawei,96%,100%,100%
Huawei,Điện thoại & Máy tính bảng,//vn-live-05.slatic.net/p/2182fea0cb93b4c047e0d2741c6a591e.jpg_720x720q80.jpg_.webp,Mall,TRẢ GÓP 0% | Máy Tính Bảng HUAWEI MatePad T 10 | Màn Hình HD 9.7 Inch | Hiệu Suất Mượt Mà | Chế Độ Bảo Vệ Mắt | Quà Tặng:  FPT Play,38 đánh giá,3.790.000 ₫,1,0,3,4,30,4.6,Huawei,96%,100%,100%
Samsung,Điện thoại & Máy tính bảng,//vn-live-05.slatic.net/p/e4b4fb55e3e8f866614091eea127557c.jpg_720x720q80.jpg_.webp,Mall,Máy tính bảng Samsung Galaxy Tab S7 FE - Tặng bookcover - Bảo hành chính hãng 12 tháng (Không tặng kèm bàn phím),7 đánh giá,10.890.000 ₫,0,0,0,0,7,5.0,SAMSUNG Flagship Store,90%,94%,100%
Apple,Điện thoại & Máy tính bảng,//vn-live-05.slatic.net/p/mdc/eec1d9393e346977044decc83b301c00.jpg_720x720q80.jpg_.webp,Non-Mall,[Voucher 7% max 500k]  ĐIỆN THOẠI IPHONE 8 256GB QUỐC TẾ fullbox bảo hành 12 thángCó kháng nước vân taykết nối Camera wifi tai nghe bluetooth loa bluetoothđồng hồ thông minhsạc dự phòngthuộc mẫu.,11 đánh giá,3.070.377 ₫,0,0,0,0,11,5.0,Mobile 79,84%,98%,100%
Apple,Điện thoại & Máy tính bảng,//vn-live-05.slatic.net/p/mdc/e3dd15bbf95900550f20945fa3f826bf.png_720x720q80.jpg_.webp,Non-Mall,Máy Tính Bảng iPad 2 BẢN WIFI. Tặng Cường Lực Dây Sạc Củ Sạc. Đổi Mới Trong 30 Ngày,66 đánh giá,1.400.000 ₫,,,,,,,Iphone_Ipad chính hãng,90%,98%,100%
Motorola,Điện thoại & Máy tính bảng,//vn-live-05.slatic.net/p/54281030885caedf9b7f7d7ca362837a.jpg_720x720q80.jpg_.webp,Non-Mall,"[ SMARTPHONE GIÁ RẺ ] điện thoại Iphone6 64G Máy Quốc Tế - FULL VÂN TAY, CHÍNH HÃNG, BẢO HÀNH 12 THÁNG",15 đánh giá,1.198.000 ₫,1,0,2,0,12,4.5,THỐNG NHẤT PLAZA,82%,98%,100%
Lenovo,Điện thoại & Máy tính bảng,//vn-live-05.slatic.net/p/0dcc9358cd24793fde62509021815104.jpg_720x720q80.jpg_.webp,Non-Mall,Máy Tính Bảng Lenovo Xiaoxin Pad P11 Mới fullbox Bộ nhớ 64GB + 128GB Full Google | Màn 2K 11inch Tuyệt phẩm giải trí Tại Playmobile,11 đánh giá,5.090.000 ₫,,,,,,,PlayMobile - smartphone,94%,100%,100%
Apple,Điện thoại & Máy tính bảng,//vn-live-05.slatic.net/p/835a22a53e515a1ac31df65f8159322f.jpg_720x720q80.jpg_.webp,Non-Mall,Máy tính bảng Apple IPAD AIR 2 ( Bản WIFI) 16 GB/ 64 GB   Máy Zin Ram 2G Chip A8X mạnh mẽ Màn Hình 9.7 inch full HD Cảm biến vân tay Tặng Phụ Kiện ốp lưng Bảo hành 6 tháng MR CAU,9 đánh giá,5.350.000 ₫,,,,,,,MRCAU,95%,100%,100%
Apple,Điện thoại & Máy tính bảng,//vn-live-05.slatic.net/p/9c869af1e18679aa405a148e4e36c74d.jpg_720x720q80.jpg_.webp,Non-Mall,máy tình bảng Apple ipad 2 wifi 16gb chính hãng. hỗ trợ bảo hành toàn quốc. tặng kèm cáp sạc nhanh - Bảo hành 3 Tháng,Không có đánh giá,1.399.000 ₫,,,,,,,di động số 0961689991,80%,35%,100%
Apple,Điện thoại & Máy tính bảng,//vn-live-05.slatic.net/p/683730bf00264147cdb4f24609c0d437.jpg_720x720q80.jpg_.webp,Non-Mall,máy tính bảng apple ipad 2 chính hãng - tặng kèm phụ kiện - hỗ trợ bảo hành 1 đổi 1 miễn phí toàn quốc,1 đánh giá,1.399.000 ₫,0,0,0,0,1,5.0,di động số 0961689991,80%,35%,100%
Samsung,Điện thoại & Máy tính bảng,//vn-live-05.slatic.net/p/9bf5be0e6c8acda2ed79d55efbddf490.jpg_720x720q80.jpg_.webp,Non-Mall,"Samsung Galaxy Tab S5e LTE 10.5'' Ram 4GB bộ nhớ 64GB chính hãng || Chơi Game , giải trí , Mua hàng tại Playmobile",24 đánh giá,6.301.040 ₫,0,0,1,1,22,4.9,PlayMobile - smartphone,94%,100%,100%
Samsung,Điện thoại & Máy tính bảng,//vn-live-05.slatic.net/p/c086036a58aee0716495f2262f8fef21.png_720x720q80.jpg_.webp,Non-Mall,Máy tính bảng Samsung Tab A 8.4 2020 Android 10 lắp sim 4G,9 đánh giá,3.190.000 ₫,,,,,,,The2Tstore,91%,99%,100%
Microsoft,Điện thoại & Máy tính bảng,//vn-live-05.slatic.net/p/86c76321127274faba7cd30e139a791c.jpg_720x720q80.jpg_.webp,Non-Mall,"Brand New Microsoft Surface Pro 7 12.3"" Touch Screen- Intel i7-1065G7 16GB RAM 256GB SSD",Không có đánh giá,12.000.000 ₫,0,0,0,0,0,0,GADGETSHUB PLC,,48%,100%
masstel,Điện thoại & Máy tính bảng,//vn-live-05.slatic.net/p/2/may-tinh-bang-masstel-tab-7-mh-7inch-3g-nghe-goi-tang-kem-bao-da-san-pham-moi-100-8507-57504733-65e2c04aaad1cf9f6ed3553b971fd8c9.jpg_720x720q80.jpg_.webp,Non-Mall,Máy tính bảng Masstel Tab 7 MH 7inch 3G nghe gọi+ Tặng kèm bao da ( Sản phẩm mới 100%),31 đánh giá,1.190.000 ₫,3,0,3,2,23,4.4,TV Mobile,84%,90%,100%
Samsung,Điện thoại & Máy tính bảng,//vn-live-05.slatic.net/p/88a680c309a6f84acd6865a4e62da61d.jpg_720x720q80.jpg_.webp,Mall,Máy tính bảng Samsung Galaxy Tab S7 LTE - Tặng bookcover - Bảo hành 12 tháng - Hàng chính hãng (Không tặng kèm bàn phím),Không có đánh giá,15.990.000 ₫,0,0,0,0,0,0,SAMSUNG Flagship Store,90%,94%,100%
No Brand,Điện thoại & Máy tính bảng,//vn-live-05.slatic.net/p/54bbdb38e14c480de9ddc873c3f46672.jpg_720x720q80.jpg_.webp,Non-Mall,"[Voucher 7% max 500k] Điện thoại iphone XR 64Gb bản quốc tế mới 99%. BẢO HÀNH 12 THÁNG 1 ĐỔI 1,máy nguyên kháng nước,face id,tặng kèm full sạc pin-ốp lưng-dán kính cường lực",9 đánh giá,6.194.332 ₫,0,0,0,0,9,5.0,Mobile 79,84%,98%,100%
Xiaomi,Điện thoại & Máy tính bảng,//vn-live-05.slatic.net/p/fc72545dd92db61e02d9cd6956337d5d.jpg_720x720q80.jpg_.webp,Non-Mall,Máy Tính Bảng Xiaomi Mi Pad 5 Hỗ trợ Wifi (128GB Ram 6GB) - Hàng Nhập Khẩu,5 đánh giá,8.290.000 ₫,1,0,0,0,4,4.2,Kim Nhung Mobile Hà Nội,92%,97%,100%
Samsung,Điện thoại & Máy tính bảng,//vn-live-05.slatic.net/p/35a06e92692c323129462b9a914e78b6.jpg_720x720q80.jpg_.webp,Non-Mall,Máy tính bảng Samsung Tab A10 2019 Ram 3GB đẹp sang trọng bản Mỹ (Wifi+4G),4 đánh giá,3.799.000 ₫,0,0,0,1,3,4.8,The2Tstore,91%,99%,100%
Lenovo,Điện thoại & Máy tính bảng,//vn-live-05.slatic.net/p/afbb5f019c75136cfe407050e0b8beed.png_720x720q80.jpg_.webp,Non-Mall,Máy tính bảng Lenovo Xiaoxin Pad Plus Máy mới Newseal Ram 6/128G snapdragon 750g pin khủng 7700mAh,Không có đánh giá,5.800.000 ₫,0,0,0,0,0,0,Giaiphapmobile,95%,98%,100%
Microsoft,Điện thoại & Máy tính bảng,//vn-live-05.slatic.net/p/b92b5943f762b15e9db8e53cee9bd671.jpg_720x720q80.jpg_.webp,Non-Mall,[Trả góp 0%]Máy Tính bảng Microsoft Surface 3 || Win 10 Pro 64Bit || Kèm bàn phím & sạc cáp chính hãng Microsoft tại Playmobile,13 đánh giá,5.990.000 ₫,0,0,0,2,11,4.8,PlayMobile - smartphone,94%,100%,100%
vsmart,Điện thoại & Máy tính bảng,//vn-live-05.slatic.net/p/a067c85a64bb81ad452400c0632e1597.jpg_720x720q80.jpg_.webp,Non-Mall,"RẺ VÔ ĐỊCH Điện Thoại Apple Iphone 7 Quốc tế Vân Tay Nhạy Màn hình: LED-backlit IPS LCD, 4.7"",Retina HD - Bao đổi 7 ngày tận nhà miễn phí",86 đánh giá,1.348.000 ₫,5,0,0,1,80,4.8,LÊ NGÂN STORE,85%,Không đủ thông tin,100%
Apple,Điện thoại & Máy tính bảng,//vn-live-05.slatic.net/p/988a2224458a44197fd603bb9e5be847.jpg_720x720q80.jpg_.webp,Non-Mall,[Voucher 7% max 500k]  ĐIỆN THOẠI IPHONE 8 64GB QUỐC TẾ fullbox bảo hành 12 thángCó kháng nước vân taykết nối Camera wifi tai nghe bluetooth loa bluetoothđồng hồ thông minhsạc dự phòngthuộc mẫu.,9 đánh giá,3.990.000 ₫,0,0,0,1,8,4.9,Mobile 79,84%,98%,100%
surface,Điện thoại & Máy tính bảng,//vn-live-05.slatic.net/p/f886c11eaf1546c24cae4bc4b136c56f.png_720x720q80.jpg_.webp,Non-Mall,Máy tính laptop cao cấp Surface Pro 5,1 đánh giá,10.700.000 ₫,0,0,0,0,1,5.0,Mtbstore,96%,95%,100%
Samsung,Điện thoại & Máy tính bảng,//vn-live-05.slatic.net/p/2400721bf44bd2a82b303eaf74ef433c.jpg_720x720q80.jpg_.webp,Non-Mall,Máy tính bảng ipad2-32/16Gb chính hãng bản Wifi - tặng kèm phụ kiện hỗ trợ tải ứng dụng - bảo hành dài 6-12 tháng,Không có đánh giá,1.350.000 ₫,0,0,0,0,0,0,BOSS Điện thoại Số,,Không đủ thông tin,100%
Apple,Điện thoại & Máy tính bảng,//vn-live-05.slatic.net/p/31182bd43f5f4fdf386e2e8c153661b4.jpg_720x720q80.jpg_.webp,Non-Mall,[HCM][TRẢ GÓP 0%] Máy tính bảng iPad Air 4 10.9-inch 2020 64GB WiFi Green MYFR2,Không có đánh giá,14.999.000 ₫,0,0,0,0,0,0,GLOBAL RESOURCES,74%,Không đủ thông tin,100%
Motorola,Điện thoại & Máy tính bảng,//vn-live-05.slatic.net/p/a72a920089c4422b0d9ec748ca70617a.jpg_720x720q80.jpg_.webp,Non-Mall,"[ SALE - GIÁ BAO RẺ ] Máy Tính Bảng IPAD4 4G/Wifi CHÍNH HÃNG, màn hình 9.7inch, Cài ZOOM Học online, TIKTOK YOUTUBE FB",21 đánh giá,2.598.000 ₫,1,0,0,0,20,4.8,Bé Châu Plaza,90%,100%,100%
Teclast,Điện thoại & Máy tính bảng,//vn-live-05.slatic.net/p/54da86d09c2e7fd312e587aa31006f2b.jpg_720x720q80.jpg_.webp,Mall,Teclast M40SE UNISOC T610 Octa Core 4GB RAM 128GB ROM 10.1 Inch 1920*1200 Android 10 OS Tablet,1 đánh giá,3.585.510 ₫,,,,,,,E-live store,93%,100%,58%
Motorola,Điện thoại & Máy tính bảng,//vn-live-05.slatic.net/p/2e56ba7037d472c098d0584b8a58e9b4.jpg_720x720q80.jpg_.webp,Non-Mall,"[ RẺ KHÔNG TƯỞNG ] Máy Tính Bảng IPAD4 4G/WIFI bản Quốc Tế - màn hình 9.7inch - ZOOM HỌC ONLINE ,YOUTOBE, TIKTOK XEM PHIM , GAME ONLINE GIẢI TRÍ RAM 1G, Chip Aple A6X, 1.4 GHz, IOS 10",13 đánh giá,1.489.000 ₫,0,0,0,0,13,5.0,Quỳnh Chi Store 2007,86%,98%,100%
Teclast,Điện thoại & Máy tính bảng,//vn-live-05.slatic.net/p/da8f827fd44f65cd215eaa8f6a36f605.jpg_720x720q80.jpg_.webp,Mall,Teclast T40 Plus 10.4'' Tablet 2000x1200 IPS Android 11 UNISOC T618 Octa Core 8GB RAM 128GB Storage 4G Call Type-C Tablets PC,1 đánh giá,5.990.000 ₫,0,0,0,0,1,5.0,TECLAST Global Store,94%,100%,93%
Apple,Điện thoại & Máy tính bảng,//vn-live-05.slatic.net/p/811d3584b59d1b56ac32a3275d212657.jpg_720x720q80.jpg_.webp,Non-Mall,Máy Tính Bảng IPAD MINI 2  (  4G+WIFI ) 16 Gb /32 Gb nâng cấp  IOS 12  ZIN ALL MÀN 7.9 inch Retina Ram 1 G Chip Apple A7 1.3 GHz Camera 5MPchip đồ họa PowerVR G6430 tặng Bao Da  phụ kiện bảo hà,40 đánh giá,3.549.000 ₫,,,,,,,MRCAU,95%,100%,100%
Samsung,Điện thoại & Máy tính bảng,//vn-live-05.slatic.net/p/ac7d369d6497ee018c61cc359d026de5.jpg_720x720q80.jpg_.webp,Non-Mall,"Máy tính bảng Samsung Galaxy Tab A7 Lite T225 - Hàng Chính Hãng, Bảo hành 12 Tháng",2 đánh giá,4.679.000 ₫,0,0,0,0,2,5.0,Phương BEARMAX,100%,77%,100%
chuwi,Điện thoại & Máy tính bảng,//vn-live-05.slatic.net/p/ff4ff77611e16e564aa7d51b748690f2.jpg_720x720q80.jpg_.webp,Mall,CHUWI Hipad Air Android 11 OS Tablet | 10.3 inch Unisoc T618 Octa Core Processor 4GB RAM 128GB |  Type-C 7000mAh Battery1 Year Warranty Android Tablet,Không có đánh giá,4.600.000 ₫,0,0,0,0,0,0,CHUWI,92%,100%,73%
Apple,Điện thoại & Máy tính bảng,//vn-live-05.slatic.net/p/d8e2c2de75fa6ade3a012b17658b689d.jpg_720x720q80.jpg_.webp,Non-Mall,"iPad Pro 9.7 inch, phiên bản Wifi CẤU HÌNH MẠNH MẼ, GAME ONLINE VỚI MÀN HÌNH LỚN CHÍNH HÃNG APPLE QUỐC TẾ MRCAU",Không có đánh giá,6.900.000 ₫,0,0,0,0,0,0,SGPHONE,97%,61%,100%
Matsuma,Điện thoại & Máy tính bảng,//vn-live-05.slatic.net/p/8b9728a5896a213afdad99a0c1487554.jpg_720x720q80.jpg_.webp,Non-Mall,[HCM]Máy tính bảng Matsuma 1G Ram 16G Rom (3G 2 SIM) +  Màn hình 7inch IPS (độ phân giải 1024 x 600) cho hình ảnh rõ nét hơn màn hình HD Tặng bao da,47 đánh giá,1.030.000 ₫,4,2,3,4,34,4.3,Phuong Thu Shop 1583639021,94%,72%,100%
Apple,Điện thoại & Máy tính bảng,//vn-live-05.slatic.net/p/92ea682d84ad3a29febd35f6dfcaae75.jpg_720x720q80.jpg_.webp,Non-Mall,Máy tính bảng Pad Gen 8 (2020) 32GB /128GB (bản WIFI) Chính Hãng Apple Mã VNA NEW SEAL BẢO HÀNH 12 Tháng Chính hãng tại Applestore VN MR CAU,Không có đánh giá,9.990.000 ₫,,,,,,,MRCAU,95%,100%,100%
Lenovo,Điện thoại & Máy tính bảng,//vn-live-05.slatic.net/p/a07ecbf89295b23b51c6af34e88e779b.png_720x720q80.jpg_.webp,Non-Mall,"Máy Tính Bảng Lenovo Xiaoxin Pad P11, Xiaoxin Pad P11 plus  Mới 100% fullbox Bộ nhớ 64GB + 128GB Full Google | Màn 2K 11inch Tuyệt tặng đế dựng và 2 phần mền vip tienganh123, luyenthi123 trọn đời máy",Không có đánh giá,4.780.000 ₫,0,0,0,0,0,0,Mtbstore,96%,95%,100%
Apple,Điện thoại & Máy tính bảng,//vn-live-05.slatic.net/p/73a7ebea42ed64b16d5e813f3a7e68c4.jpg_720x720q80.jpg_.webp,Non-Mall,Ipad Pro M1 2021 11 inch 128/256gb wifi chính hãng Apple nguyên seal mới 100%,Không có đánh giá,21.950.000 ₫,0,0,0,0,0,0,Trí Cường Mobile,96%,100%,100%
Apple,Điện thoại & Máy tính bảng,//vn-live-05.slatic.net/p/321011250144add09a8dd199e8eedd56.jpg_720x720q80.jpg_.webp,Non-Mall,Máy tính bảng Apple iPad Mini 4 -  16GB/64GB  (Bản 4G + Wifi )  Quốc Tế CPU A8 1.5 Ghz RAM 2G  màn hìnhLED backlit LCD 7.9  tặng Bao da Bảo hành 6 tháng dành cho Game th,9 đánh giá,5.950.000 ₫,0,0,0,0,9,5.0,MRCAU,95%,100%,100%
Apple,Điện thoại & Máy tính bảng,//vn-live-05.slatic.net/p/7b3b93b8847fdb83678e00d2a58d8954.jpg_720x720q80.jpg_.webp,Non-Mall,Máy tính bảng iPad 4 ( bản wifi)  dung lượng 16gb học Zoom online mượt  Pin Khủng 11.000 mAh  Xem youtube đọc báo tin tức rõ với màn hình lớn 9.7 inch Bảo Hành 6 Tháng,17 đánh giá,2.584.000 ₫,,,,,,,MRCAU,95%,100%,100%
Apple,Điện thoại & Máy tính bảng,//vn-live-05.slatic.net/p/16052f4af38e99fb46ff203454f19fd8.png_720x720q80.jpg_.webp,Non-Mall,Máy tính bảng IPAD Air 2 WIFI,1 đánh giá,4.390.000 ₫,0,0,0,0,1,5.0,Hai Istore,100%,Không đủ thông tin,Không đủ thông tin
OEM,Màn hình & Máy in,//vn-live-05.slatic.net/p/90c1e349e47b6590a5439ced3c9011af.jpg_720x720q80.jpg_.webp,Non-Mall,màn hình máy bàn 15.6in lenovo siêu bền màu hàng nhập Mỹ nhỏ gọn,9 đánh giá,699.000 ₫,1,0,0,2,6,4.3,Siêu Thị Điện tử Nhập Khẩu Ntech,74%,Không đủ thông tin,100%
No Brand,Màn hình & Máy in,//vn-live-05.slatic.net/p/6d423f06702dc410aae23a47ceb31123.jpg_720x720q80.jpg_.webp,Non-Mall,"Màn hình máy tính 27 inch ATAS, Màn hình Gaming 27 inch ATAS - QHD 2K 2560x1440 - Tấm nền IPS",Không có đánh giá,4.390.000 ₫,0,0,0,0,0,0,New Store,81%,100%,100%
OEM,Màn hình & Máy in,//vn-live-05.slatic.net/p/345db594e3bd3b7eaa9ff0c695922f6b.jpg_720x720q80.jpg_.webp,Non-Mall,[HCM]Màn hình Samsung 27″ LS27E591C Curved LED.,Không có đánh giá,3.550.000 ₫,0,0,0,0,0,0,ThànhNhân Computer,100%,65%,100%
ATAS,Màn hình & Máy in,//vn-live-05.slatic.net/p/6d423f06702dc410aae23a47ceb31123.jpg_720x720q80.jpg_.webp,Non-Mall,Màn hình máy tính 27 inch 2K ATAS YD270Q - Tần số quét 75HZ - Tấm nền IPS,Không có đánh giá,4.389.000 ₫,0,0,0,0,0,0,Smart New VN,80%,97%,100%
HP,Màn hình & Máy in,//vn-live-05.slatic.net/p/5a78c627f0c096bf053a9e6e5a976088.jpg_720x720q80.jpg_.webp,Mall,"Màn hình máy tính HP V22v 450M4AA 21.5Inch VA, Hàng chính hãng",Không có đánh giá,4.290.000 ₫,0,0,0,0,0,0,Phúc Anh HP,97%,88%,100%
OEM,Màn hình & Máy in,//vn-live-05.slatic.net/p/ec30fcd6b5ac31e79623df321a73c9d7.jpg_720x720q80.jpg_.webp,Non-Mall,[HCM]Màn Hình Dell Utrasharp U2412M ..!,Không có đánh giá,3.120.000 ₫,0,0,0,0,0,0,ThànhNhân Computer,100%,65%,100%
HP,Màn hình & Máy in,//vn-live-05.slatic.net/p/7750bf34454ed698b16771048bfcbf1e.jpg_720x720q80.jpg_.webp,Mall,"Màn hình máy tính HP V20 1H849AA 19.5Inch TN, Hàng chính hãng",Không có đánh giá,3.499.000 ₫,0,0,0,0,0,0,Phúc Anh HP,97%,88%,100%
HP,Màn hình & Máy in,//vn-live-05.slatic.net/p/e3baa15c1b1c8b321a7bce453e846357.jpg_720x720q80.jpg_.webp,Mall,"[Trả góp 0%][VOUCHER 20% - MAX 500K]Màn hình LCD HP P24 23.8""Inch 1920x1080/IPS/250 cd/m²/5ms - Hàng chính hãng new 100%",Không có đánh giá,4.130.000 ₫,0,0,0,0,0,0,HP Certified Store Vinh Hiển Lộc Tài,100%,72%,100%
OEM,Màn hình & Máy in,//vn-live-05.slatic.net/p/883a819dde8544538d1c7c850fcc5cd4.jpg_720x720q80.jpg_.webp,Non-Mall,[Trả góp 0%]MàN HìNh Máy Tính Dell P2421D 23.8Inch 2K Ips 60Hz,Không có đánh giá,5.990.000 ₫,0,0,0,0,0,0,TIN HỌC LÊ HUY,97%,85%,100%
ASUS,Màn hình & Máy in,//vn-live-05.slatic.net/p/99a4ec8a655f718b3fdfde3aebbb2065.jpg_720x720q80.jpg_.webp,Non-Mall,Màn Hình Di Động ASUS MB169B+ 15.6'' Full HD (1920x1080) IPS Nhỏ Gọn (Không Cảm Ứng),Không có đánh giá,4.190.000 ₫,0,0,0,0,0,0,Phụ Kiện Macbook - Ben,92%,66%,100%
OEM,Màn hình & Máy in,//vn-live-05.slatic.net/p/1ef866ab3db20d9dc0989f6e4c0793f9.jpg_720x720q80.jpg_.webp,Non-Mall,[HCM]Màn hình EIZO EV2736W - Chuyên đồ hoạ cao cấp - 27 Inch - 2K (2560 x 1440) - LED IPS chống loá - Xám,Không có đánh giá,4.499.000 ₫,0,0,0,0,0,0,ThànhNhân Computer,100%,65%,100%
OEM,Màn hình & Máy in,//vn-live-05.slatic.net/p/1ebb7f7726beb831936f8c1767cb5929.jpg_720x720q80.jpg_.webp,Non-Mall,[Trả góp 0%]Màn Hình Dell P2419H 24Inch Fullhd 8Ms 60Hz Ips,Không có đánh giá,4.580.000 ₫,0,0,0,0,0,0,TIN HỌC LÊ HUY,97%,85%,100%
OEM,Màn hình & Máy in,//vn-live-05.slatic.net/p/df2c3f638370ea2fe57750f8d06e037d.jpg_720x720q80.jpg_.webp,Non-Mall,Màn Hình Máy Tính 20Inch Lg 20Mk400H-B,Không có đánh giá,2.540.000 ₫,0,0,0,0,0,0,TIN HỌC LÊ HUY,97%,85%,100%
HP,Màn hình & Máy in,//vn-live-05.slatic.net/p/fc064796b3ec09b6a20f9c12c4595022.png_720x720q80.jpg_.webp,Mall,Màn Hình LCD HP P204V 19.5 Inch 1600x900/ HD+/ 60Hz/ 7ms-Hàng chính hãng new 100%,Không có đánh giá,2.950.000 ₫,0,0,0,0,0,0,HP Certified Store Vinh Hiển Lộc Tài,100%,72%,100%
OEM,Màn hình & Máy in,//vn-live-05.slatic.net/p/1bac5edb731bb31250f0824820c65fe1.jpg_720x720q80.jpg_.webp,Non-Mall,Màn Hình AOC 24G2 Tem SPC (23.8 inch FullHD IPS 144Hz1ms HDMI+DP+VGA) - Bảo hành  36 tháng,Không có đánh giá,6.960.000 ₫,0,0,0,0,0,0,phukienthanhduc,,100%,100%
OEM,Màn hình & Máy in,//vn-live-05.slatic.net/p/e142657db6f16dc9835fa8a749470df9.jpg_720x720q80.jpg_.webp,Non-Mall,[Trả góp 0%]Màn Hình Máy Tính Aoc 24V2Q 24 Inches Ips Fhd 75Hz (Đen) -,1 đánh giá,3.200.000 ₫,,,,,,,TIN HỌC LÊ HUY,97%,85%,100%
OEM,Màn hình & Máy in,//vn-live-05.slatic.net/p/25a855a085b28e3717405bc84a4baa13.jpg_720x720q80.jpg_.webp,Non-Mall,[Trả góp 0%]Màn Hình Máy Tính Lg 27Gl650F-B Fullhd Ips 144Hz 1Ms,Không có đánh giá,6.640.000 ₫,0,0,0,0,0,0,TIN HỌC LÊ HUY,97%,85%,100%
Samsung,Màn hình & Máy in,//vn-live-05.slatic.net/p/a9a555f92304faf525e40baf8231bdcd.png_720x720q80.jpg_.webp,Non-Mall,[Trả góp 0%]Màn hình máy tính cong Samsung LC24RG50FQE 24Inch FHD 144Hz Freesync,1 đánh giá,4.250.000 ₫,0,0,0,0,1,5.0,Vi Tính Lê Huy,91%,82%,100%
Samsung,Màn hình & Máy in,//vn-live-05.slatic.net/p/c91fa82158195d3590e2d44eef93172b.png_720x720q80.jpg_.webp,Non-Mall,[Trả góp 0%]Màn hình máy tính Samsung cong LC27RG50FQEXXV 27 inch FullHD 240Hz Chính Hãng,Không có đánh giá,6.990.000 ₫,0,0,0,0,0,0,Vi Tính Lê Huy,91%,82%,100%
ASUS,Màn hình & Máy in,//vn-live-05.slatic.net/p/7e8d4b9f4184ce9ef598672905f2113f.jpg_720x720q80.jpg_.webp,Non-Mall,"[Trả góp 0%]Màn Hình Chuyên Đồ Họa ASUS ProArt PA27AC 27"" 2K IPS HDR10 100% sRGB - Hàng Chính Hãng",Không có đánh giá,13.950.000 ₫,0,0,0,0,0,0,BẢO HÂN TREASURES,98%,84%,100%
HP,Màn hình & Máy in,//vn-live-05.slatic.net/p/fd8934629a9bb71c1dd57b195ced179b.jpg_720x720q80.jpg_.webp,Mall,"[Trả góp 0%]Màn Hình LCD HP P24h G4 23.8""FHD 1920x1080/IPS/75Hz/5ms-Hàng chính hãng new 100%",1 đánh giá,4.340.000 ₫,0,0,0,0,1,5.0,HP Certified Store Vinh Hiển Lộc Tài,100%,72%,100%
No Brand,Màn hình & Máy in,https://cf.shopee.vn/file/8da2a06fd19f4bea3ff2c5c896168a06,Non-Mall,"Giá treo màn hình xoay 360 độ - Chân đứng - Tay dài 23 cm, XL03",3 đánh giá,269.041 ₫,0,0,0,0,3,5.0,Điện Tử Phúc An,98%,86%,100%
ASUS,Màn hình & Máy in,//vn-live-05.slatic.net/p/aaa8323e5bfae143e2bc4a23faf4eae5.png_720x720q80.jpg_.webp,Non-Mall,[Trả góp 0%]Màn Hình Máy Tính ASUS VG248QG 24 inch 165Hz 0.5ms FreeSync Full HD 2 Loa,Không có đánh giá,5.550.000 ₫,0,0,0,0,0,0,TIN HỌC LÊ HUY,97%,85%,100%
HP,Màn hình & Máy in,//vn-live-05.slatic.net/p/74950d055888f5a22eb00681b93154bf.jpg_720x720q80.jpg_.webp,Mall,"Màn hình máy tính LCD HP P22v G4 9TT53AA (Đen) 21.5""FHD 1920x1080/TN/60Hz/5ms - Hàng chính hãng",Không có đánh giá,3.488.000 ₫,0,0,0,0,0,0,HP Certified Store Vinh Hiển Lộc Tài,100%,72%,100%
OEM,Màn hình & Máy in,//vn-live-05.slatic.net/p/16571fadcbdc885e330b62b8f006cf24.jpg_720x720q80.jpg_.webp,Non-Mall,"LCD 22"" Starview S22FHV LED, sản phẩm tốt với chất lượng và độ bền cao, cam kết giống như hình",Không có đánh giá,2.398.800 ₫,0,0,0,0,0,0,Trung Oanh Computer,100%,Không đủ thông tin,100%
No Brand,Màn hình & Máy in,//vn-live-05.slatic.net/p/a609e1010d1797ecff62f393120056e5.jpg_720x720q80.jpg_.webp,Non-Mall,"Màn hình LCD 27'' Cong Startview S27FHV Full HD 75Hz Gaming , màn hình 24 inch phẳng.  Bảo hành 12 tháng",2 đánh giá,2.490.000 ₫,0,0,0,0,2,5.0,TDC SHOP,92%,100%,100%
ASUS,Màn hình & Máy in,//vn-live-05.slatic.net/p/4e6456b17d8daaa73177e97c951c3c14.jpg_720x720q80.jpg_.webp,Non-Mall,"[Trả góp 0%]Màn hình ASUS ProArt PA278QV 27""/2K/IPS/100% sRGB/100%",Không có đánh giá,8.900.000 ₫,0,0,0,0,0,0,PC MARKET,97%,56%,100%
HP,Màn hình & Máy in,//vn-live-05.slatic.net/p/a2478cee2475920a0321eed75ce549d6.png_720x720q80.jpg_.webp,Non-Mall,[Trả góp 0%]Màn hình máy tính HP 24Y 1PX48AA 23.8 inch FHD IPS,Không có đánh giá,3.700.000 ₫,0,0,0,0,0,0,TIN HỌC LÊ HUY,97%,85%,100%
No Brand,Màn hình & Máy in,//vn-live-05.slatic.net/p/9a4cae5dc5d8cbd547d0e3bb2af34e4a.jpg_720x720q80.jpg_.webp,Non-Mall,Màn Hình Gaming Starview 24FHV (75Hz Full viền ) 23.8'' Inchs chính hãng,2 đánh giá,2.350.000 ₫,0,0,0,0,2,5.0,TDC SHOP,92%,100%,100%
HP,Màn hình & Máy in,//vn-live-05.slatic.net/p/dd7b6f6686ca0cd6988fcc0de4fb6c73.jpg_720x720q80.jpg_.webp,Mall,"Màn hình máy tính HP V19 9TN41AA 18.5""HD 1366x768/TN/60Hz/5ms-Hàng chính hãng new 100%",Không có đánh giá,2.790.000 ₫,0,0,0,0,0,0,HP Certified Store Vinh Hiển Lộc Tài,100%,72%,100%
LG,Màn hình & Máy in,//vn-live-05.slatic.net/p/13cb33296115c8caa2e850d69fde9a0a.jpg_720x720q80.jpg_.webp,Non-Mall,"Màn hình LG 27GP850-B UltraGear 27"" Nano IPS 2K 180Hz 1ms HDR G-Sync",Không có đánh giá,10.990.000 ₫,0,0,0,0,0,0,LGEShop,,Không đủ thông tin,Không đủ thông tin
ASUS,Màn hình & Máy in,//vn-live-05.slatic.net/p/c64118d2dd26c14be2301e40d9cb0f2f.png_720x720q80.jpg_.webp,Mall,Màn Hình Di Động ASUS ASUS MB169B+/15.6-inch FHD (1920x1080) IPS/USB,3 đánh giá,4.990.000 ₫,0,0,0,0,3,5.0,ASUS Flagship Store,91%,98%,100%
No Brand,Màn hình & Máy in,//vn-live-05.slatic.net/p/65044a0b7c4cdba47a0d6a3cf8d0f474.jpg_720x720q80.jpg_.webp,Non-Mall,"Màn hình 7 inch, Màn test camera, Màn hình mini dùng test camera hay làm màn hình theo dõi trong phạm vi hẹp",Không có đánh giá,820.000 ₫,0,0,0,0,0,0,N&G Store,,Không đủ thông tin,Không đủ thông tin
Samsung,Màn hình & Máy in,//vn-live-05.slatic.net/p/9e92eebe8362e16784714813c06a04e2.jpg_720x720q80.jpg_.webp,Mall,Màn hình Samsung UHD LS27A800NMEXXV 4k - Hàng chính hãng,1 đánh giá,7.900.000 ₫,0,0,0,0,1,5.0,ĐIỆN MÁY LANH DUNG,97%,60%,100%
LG,Màn hình & Máy in,//vn-live-05.slatic.net/p/4b4a218ae780c6698f9f12df30788e32.png_720x720q80.jpg_.webp,Non-Mall,"Màn hình cong LG 35WN75C-B 35"" 2K 100Hz HDR10 UltraWide",Không có đánh giá,14.090.000 ₫,,,,,,,LGEShop,,Không đủ thông tin,Không đủ thông tin
OEM,Màn hình & Máy in,//vn-live-05.slatic.net/p/718635d7f008c90529628ad9e80bd7aa.jpg_720x720q80.jpg_.webp,Non-Mall,[Trả góp 0%]Màn Hình Asus Proart Pa278Qv 27Inch Ips 2K 75Hz Chuyên Đồ Họa,Không có đánh giá,8.880.000 ₫,0,0,0,0,0,0,TIN HỌC LÊ HUY,97%,85%,100%
LG,Màn hình & Máy in,//vn-live-05.slatic.net/p/3ffcb0741389432c9a1b8049367c1e3f.jpg_720x720q80.jpg_.webp,Mall,[TRẢ GÓP 0%] Màn hình máy tính LG IPS QHD (2560 X 1440) 144Hz 1ms 27 inches l 27GN800-B l HÀNG CHÍNH HÃNG,8 đánh giá,7.990.000 ₫,1,1,1,0,5,3.9,LG Flagship Store,87%,98%,100%
Gigabyte,Màn hình & Máy in,//vn-live-05.slatic.net/p/f1a1cc872708c6cb9d5a33a212ec82a8.jpg_720x720q80.jpg_.webp,Non-Mall,Màn hình Gigabyte G27FC (27 inch/FHD/VA/165Hz/1ms/250 nits/HDMI+DP/Cong),1 đánh giá,4.990.000 ₫,0,0,0,0,1,5.0,PC MARKET,97%,56%,100%
Gigabyte,Màn hình & Máy in,//vn-live-05.slatic.net/p/2d9552da11135576e8a896c80956e849.jpg_720x720q80.jpg_.webp,Non-Mall,Màn hình Gigabyte G32QCA-EK (31.5 inch/2K/VA/165Hz/1ms/350 nits/HDMI+DP/Cong),Không có đánh giá,7.290.000 ₫,0,0,0,0,0,0,PC MARKET,97%,56%,100%
Dell,Màn hình & Máy in,//vn-live-05.slatic.net/p/896d594f159c907795edd48b01eeb528.jpg_720x720q80.jpg_.webp,Non-Mall,Màn hình máy tính Dell U2421HE UltraSharp 24 Monitor chính hãng BH 36 Tháng Ben,Không có đánh giá,7.490.000 ₫,0,0,0,0,0,0,Ben Computer Store,94%,100%,100%
Vention,TV & Video,//vn-live-05.slatic.net/p/2c774b2982abea0b3c324b3924942024.jpg_720x720q80.jpg_.webp,Mall,Vention Dây cáp HDMI 2.0 4K High Speed  HDMI Male to Male 2.0 Cable Monitor Video Cable with 3D 4K 60Hz cáp HDMI kết nối tivi 1M 2M 3M 5M 10M for HDTV LCD Projector Laptop PS3 PS4 Switch HD HDMI 2.0 Cable,711 đánh giá,46.910 ₫,9,0,3,30,669,4.9, Vention flagship store,98%,100%,96%
Vention,TV & Video,//vn-live-05.slatic.net/p/543f204f00d84a7a0d798098d810e8b8.jpg_720x720q80.jpg_.webp,Mall,Vention Dây cáp HDMI 2.1 4K/120Hz 2K/144Hz 3D HDMI 2.1 tốc độ cao 48Gbps HDMI 2.1 For PS4 - INTL,173 đánh giá,120.030 ₫,0,0,4,10,159,4.9, Vention flagship store,98%,100%,96%
KEBETEME,TV & Video,//my-live-05.slatic.net/p/317d799e2f8749a2f0973d7bbd2798c0.jpg_720x720q80.jpg_.webp,Mall,KEBETEME AA59-00594A Điều Khiển Từ Xa TV Th&ocirc;ng Minh Samsung AA59-00581A AA59-00582A UE43NU7400U UE40F8000,1 đánh giá,43.600 ₫,0,0,0,0,1,5.0,KEBETEME,92%,99%,97%
No Brand,TV & Video,//vn-live-05.slatic.net/p/fb2712f765571c9d3a8714d4e0c82b6e.jpg_720x720q80.jpg_.webp,Non-Mall,REMOTE ĐIỀU KHIỂN TIVI SAMSUNG 4K SMART CONG (LƯNG ĐEN - KHÔNG VOICE - GIÁ TỐT),66 đánh giá,28.900 ₫,6,1,0,6,53,4.5,Công Ty Anh Quân,95%,98%,100%
Samsung,TV & Video,//vn-live-05.slatic.net/p/667b3b4d2f3e1bfe582929c3274f066e.jpg_720x720q80.jpg_.webp,Non-Mall,[HCM]Samsung 594 - Remote điều khiển Tivi Samsung Smart thông minh AA59-00594A,433 đánh giá,35.000 ₫,17,2,8,18,388,4.8,Kỹ Thuật Phần Cứng - lqv77,97%,88%,100%
No Brand,TV & Video,//vn-live-05.slatic.net/p/8b051a22c33e637eda1eca89d262fc46.jpg_720x720q80.jpg_.webp,Non-Mall,[HCM]Remote điều khiển tivi CASPER 2020 micro điều khiển giọng nói (Tặng pin),8 đánh giá,279.000 ₫,,,,,,,ĐIỆN TỬ TUỆ LÂM,96%,99%,100%
OEM,TV & Video,//vn-live-05.slatic.net/original/24b61a3f7dae79b3ed4047fdd176e822.jpg_720x720q80.jpg_.webp,Non-Mall,[HCM]REMOTE ĐIỀU KHIỂN TIVI TOSHIBA LED/LCD CT-90 (ĐEN),248 đánh giá,23.900 ₫,6,2,2,28,210,4.8,ĐIỆN TỬ TUỆ LÂM,96%,99%,100%
No Brand,TV & Video,//vn-live-05.slatic.net/p/c5f3afd7c3a003c754bd26ab1fa8d681.jpg_720x720q80.jpg_.webp,Non-Mall,Điều khiển Chuột bay G10S - Tìm Kiếm giọng nói 1 chạm,Không có đánh giá,88.000 ₫,,,,,,,DaivietPDA Shop,94%,100%,100%
VTC,TV & Video,//vn-live-05.slatic.net/p/d87b7ea960183225e38bf4de90fe1e4d.jpg_720x720q80.jpg_.webp,Non-Mall,Đầu thu truyền hình số mặt đất VTC T201 xem truyền hình miễ phí trọn đời,1 đánh giá,215.000 ₫,0,0,0,0,1,5.0,Lê Hà Chi,96%,81%,100%
North Bayou,TV & Video,//vn-live-05.slatic.net/p/e5076e26477af9f3b11a5e9e8e9cc69f.jpg_720x720q80.jpg_.webp,Non-Mall,[HCM][Chính Hãng] Model 2021 Khung treo tivi đa năng NB P4 32inch - 55inch [NHẬP KHẨU],20 đánh giá,205.000 ₫,0,0,0,0,20,5.0,GLTech 1604566418,100%,80%,100%
No Brand,TV & Video,//vn-live-05.slatic.net/p/6e7a991e48acea9869d07fcf1d7c1736.jpg_720x720q80.jpg_.webp,Non-Mall,Chuột Bay G10s (Loại 1) Hỗ Trợ Tìm Kiếm Giọng Nói 1 Chạm 1 Nút Học Lệnh,293 đánh giá,105.000 ₫,11,2,10,25,245,4.7,ngocdangcatv,96%,91%,100%
No Brand,TV & Video,//vn-live-05.slatic.net/p/e6d7990a980c735b769dbf595ef608ca.jpg_720x720q80.jpg_.webp,Non-Mall,[HCM]Sony 1370 - Remote điều khiển tivi Sony Smart thông minh - RM-L1370,140 đánh giá,45.000 ₫,1,1,4,5,129,4.9,Kỹ Thuật Phần Cứng - lqv77,97%,88%,100%
No Brand,TV & Video,//vn-live-05.slatic.net/p/711149c5b5824a56ce1e74450aa47f1c.jpg_720x720q80.jpg_.webp,Non-Mall,Điều khiển cửa cuốn 8 mã gạt 2 tay mã gạt 433 mhz chống nước,16 đánh giá,270.000 ₫,0,0,0,1,15,4.9,ĐIỀU KHIỂN CỬA CUỐN THÀNH TRUNG,95%,100%,100%
OEM,TV & Video,//vn-live-05.slatic.net/p/d05bfd86ab0590d1bb45dbf80c71babd.jpg_720x720q80.jpg_.webp,Non-Mall,"COMBO 2 Vỏ Bọc Silicon Bảo Vệ Remote, Điều Khiển TV - Điều Hòa, Chống Hư Hóng, Đổ Nước",8 đánh giá,24.600 ₫,0,2,0,0,6,4.3,giadunghanoi,91%,100%,100%
No Brand,TV & Video,//vn-live-05.slatic.net/p/f10d2542b4b4e72c61ff248d182aad1f.jpg_720x720q80.jpg_.webp,Non-Mall,[HCM]FPT - Remote điều khiển đầu thu truyền hình FPT,113 đánh giá,50.000 ₫,6,0,5,2,100,4.7,Kỹ Thuật Phần Cứng - lqv77,97%,88%,100%
No Brand,TV & Video,//vn-live-05.slatic.net/p/0e6bb3994c5ceb2c92541de0fcbefd06.jpg_720x720q80.jpg_.webp,Non-Mall,Chuột Khiển G10 Hỗ Trợ Tìm Kiếm Giọng Nói 1 Chạm 1 Nút Học Lệnh,84 đánh giá,93.000 ₫,1,3,0,6,74,4.8,ngocdangcatv,96%,91%,100%
No Brand,TV & Video,https://cf.shopee.vn/file/bbd9d3e33f77237b9fd8e8a7d900a158,Non-Mall,"Giá đỡ 2 màn hình Máy Tính Kẹp Bàn, chuyển động Đầy Đủ 360 độ cho màn Hình 10-27inch M052",24 đánh giá,432.391 ₫,0,0,0,0,24,5.0,Điện Tử Phúc An,98%,86%,100%
OEM,TV & Video,//vn-live-05.slatic.net/original/c6a28db7be88e68d73e530da4ba96c36.jpg_720x720q80.jpg_.webp,Non-Mall,[HCM]REMOTE ĐIỀU KHIỂN TIVI SAMSUNG SMART DÒNG BN59/RM1088+ (ĐEN-NGẮN),83 đánh giá,30.900 ₫,2,0,2,4,75,4.8,ĐIỆN TỬ TUỆ LÂM,96%,99%,100%
No Brand,TV & Video,//vn-live-05.slatic.net/p/a5f7268ca36a7e85b0b23530137db49d.jpg_720x720q80.jpg_.webp,Non-Mall,Remote cửa cuốn 8 mã gạt 433 mhz,35 đánh giá,105.000 ₫,1,0,0,3,31,4.8,ĐIỀU KHIỂN CỬA CUỐN THÀNH TRUNG,95%,100%,100%
FPT Play Box,TV & Video,//vn-live-05.slatic.net/p/b306d8e197ecf1dbc72939b1dfca1530.jpg_720x720q80.jpg_.webp,Non-Mall,Remote thay thế điều khiển FPT Playbox 2019 S400,18 đánh giá,68.150 ₫,2,0,0,3,13,4.4,Shop87VN ,96%,81%,100%
No Brand,TV & Video,//vn-live-05.slatic.net/p/6720fcd96a1ae30958cab3cb4a9aeea4.jpg_720x720q80.jpg_.webp,Non-Mall,"Jack TV Rắc Tivi Đực Cái F5 5C, Đầu Nối Cáp TV, Đầu BNC (Loại 1)",7 đánh giá,2.375 ₫,0,0,0,0,7,5.0,ngocdangcatv,96%,91%,100%
Samsung,TV & Video,//vn-live-05.slatic.net/original/12ff3f23f3f7b851edaca7fffd603597.jpg_720x720q80.jpg_.webp,Non-Mall,[Tp.Hà Nội] Điều Khiển TiVi SAMSUNG,108 đánh giá,46.550 ₫,2,2,6,9,89,4.7,Linh Kiện Điện Tử Chợ Trời Hà Nội,91%,98%,100%
OEM,TV & Video,//vn-live-05.slatic.net/p/b6751e78a757d6bde70f9c9cc2e36a92.jpg_720x720q80.jpg_.webp,Non-Mall,Khung Treo Tivi Cố Định Sát Tường 24 - 55inch Bảo Hành 24 Tháng,5 đánh giá,55.000 ₫,0,0,0,1,4,4.8,Điện Tử Gia Hân,97%,93%,100%
No Brand,TV & Video,//vn-live-05.slatic.net/p/bceea3a3290fb7d1bbef33b8281e1766.jpg_720x720q80.jpg_.webp,Non-Mall,Nguồn 5V - 2A Loại Tốt - Jack Lớn 5.5 x 2.1mm cho TVbox,18 đánh giá,33.500 ₫,,,,,,,mtu91vn,98%,97%,100%
Samsung,TV & Video,//vn-live-05.slatic.net/p/ade0c4b92ea1ebdb17b133c375169dc2.jpg_720x720q80.jpg_.webp,Non-Mall,Điều khiển giọng nói tivi Samsung RU2019 cho các dòng tivi Samsung từ 2015 đến 2020- Hàng mới chính hãng Tặng kèm Pin,5 đánh giá,547.000 ₫,0,0,0,0,5,5.0,Điện Tử Vũ Gia,93%,94%,100%
No Brand,TV & Video,//vn-live-05.slatic.net/p/254d5ecb2a5483005367210a59a26688.jpg_720x720q80.jpg_.webp,Non-Mall,[Trục Thép] Giá Treo Màn Hình Máy Tính F01 14 - 17 - 19 - 23 - 27 - 29 - 32 Inch - Giá Treo Tivi Xoay 180 Độ,19 đánh giá,58.000 ₫,1,0,0,2,16,4.7,Kho Hàng Giá Treo Tivi,97%,Không đủ thông tin,100%
OCEM,TV & Video,//vn-live-05.slatic.net/p/da16a00a00770e6cba16eca8be1eb562.jpg_720x720q80.jpg_.webp,Non-Mall,"T.con lai 43W800C, 50W800C",26 đánh giá,348.160 ₫,,,,,,,Thế giới bo mạch TIVI,96%,91%,100%
No Brand,TV & Video,//vn-live-05.slatic.net/p/19131febce63535578301f828b3d0d7a.png_720x720q80.jpg_.webp,Non-Mall,Điều Khiển TV SONY ĐA NĂNG CÁC ĐỜI TV LED RM ED054,61 đánh giá,29.000 ₫,4,2,1,7,47,4.5,Công Ty Anh Quân,95%,98%,100%
OEM,TV & Video,//vn-live-05.slatic.net/p/e332c7cb1cae48b19ff439f5ce48d86e.jpg_720x720q80.jpg_.webp,Non-Mall,"Set 2 Vỏ Bọc Silicon Bảo Vệ Remote, Điều Khiển TV - Điều Hòa, Chống Hư Hóng, Đổ Nước",29 đánh giá,27.000 ₫,1,0,1,2,25,4.7,Gia dụng mẹ và bé Đà Nẵng,92%,98%,100%
No Brand,TV & Video,//vn-live-05.slatic.net/p/7507945b6f86e22fac87e1a1029ca9b5.jpg_720x720q80.jpg_.webp,Non-Mall,Chân đế tivi đa năng 19 - 40 inch - Lắp đặt cho mọi hãng tivi,44 đánh giá,145.000 ₫,0,0,2,4,38,4.8,Kho Hàng Giá Treo Tivi,97%,Không đủ thông tin,100%
TCL,TV & Video,//vn-live-05.slatic.net/p/a88f3c54810616996aeb03960d6c2e04.jpg_720x720q80.jpg_.webp,Non-Mall,[HCM]TCL 97E - Remote điều khiển tivi TCL thông dụng cho nhiều loại,7 đánh giá,50.000 ₫,0,0,0,0,7,5.0,Kỹ Thuật Phần Cứng - lqv77,97%,88%,100%
OEM,TV & Video,//vn-live-05.slatic.net/p/1a18a8525daa7ac25d241296c711228b.jpg_720x720q80.jpg_.webp,Non-Mall,Điều khiển hồng ngoại cho TV Box sử dụng rockchip rk3128 rk3229 rk3228 rk3288 rk3188,3 đánh giá,49.000 ₫,0,0,0,0,3,5.0,Khavy Shop 1607233865,95%,95%,100%
No Brand,TV & Video,//vn-live-05.slatic.net/p/ef21dff8ebe8d9d2502b126c39bd123a.jpg_720x720q80.jpg_.webp,Non-Mall,[HCM]Dây cáp HDMI 2.0 3hcomputer hỗ trợ 4K 3D dùng cho Máy tính Tivi Máy chiếu và Ps4 thuần đồng 19+1 dài 5M 2kx4k (Loại mới ) Dây HDMI 2.0 4K x 2K xuất được màn hình 50 IN -5M,6 đánh giá,109.000 ₫,0,0,0,0,6,5.0,3H COMPUTER,90%,93%,100%
OEM,TV & Video,//vn-live-05.slatic.net/p/3d2607a7d5dd96a70ce9c27104be77c3.jpg_720x720q80.jpg_.webp,Non-Mall,Chuột bay giọng nói T5M full bàn phím tính năng 3 in 1,52 đánh giá,179.000 ₫,1,0,2,5,44,4.8,Khavy Shop 1607233865,95%,95%,100%
OEM,TV & Video,//vn-live-05.slatic.net/original/615ad219e2e0ee01739fd61a3cc3e31f.jpg_720x720q80.jpg_.webp,Non-Mall,Remote - Điều khiển TV SAMSUNG đa năng siêu bền (Hàng chuẩn),148 đánh giá,65.000 ₫,0,1,5,15,127,4.8,Topmuachung,93%,98%,100%
No Brand,TV & Video,//vn-live-05.slatic.net/p/545a81fa490fa13891b2c8faa7eb29fb.jpg_720x720q80.jpg_.webp,Non-Mall,Giá treo tivi thẳng tường 26 đến 40 inch sơn tĩnh điện rất bền,86 đánh giá,59.000 ₫,6,2,6,8,64,4.4,Công Nghệ Shop,94%,99%,100%
No Brand,TV & Video,//vn-live-05.slatic.net/p/9b6b400a7a9dff13fd5cc48f75d66bc0.jpg_720x720q80.jpg_.webp,Non-Mall,[HCM]LG 315 - Remote điều khiển Tivi LG Smart Thông minh AKB75095315,62 đánh giá,35.000 ₫,2,2,2,4,52,4.6,Kỹ Thuật Phần Cứng - lqv77,97%,88%,100%
OEM,TV & Video,//vn-live-05.slatic.net/p/f6f0f575ab399ab094f66057ba11571e.jpg_720x720q80.jpg_.webp,Non-Mall,Dây cáp cấp nguồn 5V cho Anten có mạch khuếch đại DVB-T2 từ cổng USB,63 đánh giá,37.050 ₫,5,1,4,9,44,4.4,GIATOT.shop (Hà Nội),85%,100%,100%
No Brand,TV & Video,//vn-live-05.slatic.net/p/75a0a639a79128e994a083d266d4f6e3.png_720x720q80.jpg_.webp,Non-Mall,"Bọc điều khiển silicon cho tivi, điều hòa",36 đánh giá,15.900 ₫,2,0,1,2,31,4.7,Smarthouse.vn,95%,100%,100%
No Brand,TV & Video,//vn-live-05.slatic.net/p/59157def42c6ba18054ed1106073a0f9.jpg_720x720q80.jpg_.webp,Non-Mall,Điều khiển TV Toshiba đa năng màn hình thủy tinh đời cũ thay thế cho tất cả remote tv toshiba đời cũ,2 đánh giá,24.000 ₫,1,0,0,0,1,3.0,Điện Dân Dụng HTĐ,95%,100%,100%
Gumac,Giày dép & Quần áo nữ,//vn-live-05.slatic.net/p/04b1d8def5f2e12c6f77f2123c4c26bf.jpg_720x720q80.jpg_.webp,Mall,Đầm nữ  DA1007 GUMAC thiết kế  polo thêu positive,451 đánh giá,129.000 ₫,3,2,5,27,414,4.9,GUMAC,98%,99%,100%
Gumac,Giày dép & Quần áo nữ,//vn-live-05.slatic.net/p/77455ed0e35712ff0f65f57b5c009d1b.jpg_720x720q80.jpg_.webp,Mall,Đầm nữ  bèo tay cách điệu DB797 mẫu mới GUMAC,19 đánh giá,229.000 ₫,0,0,0,0,19,5.0,GUMAC,98%,99%,100%
Gumac,Giày dép & Quần áo nữ,//vn-live-05.slatic.net/p/735fcfd8c7b53ff0dd185aa1183c5dc4.jpg_720x720q80.jpg_.webp,Mall,Đầm nữ chiết ly tùng GUMAC DB604,119 đánh giá,189.000 ₫,0,0,7,6,106,4.8,GUMAC,98%,99%,100%
No Brand,Giày dép & Quần áo nữ,//vn-live-05.slatic.net/p/7c457e090c83dd78002a16c80f44f9b3.jpg_720x720q80.jpg_.webp,Non-Mall,Váy cổ thắt nơ HSU0221,299 đánh giá,45.000 ₫,5,7,11,38,238,4.7,Tổng Kho Sỉ Thời Trang Giá Rẻ,88%,99%,100%
No Brand,Giày dép & Quần áo nữ,//vn-live-05.slatic.net/p/3997fe8739a3f1a251c8961815723218.jpg_720x720q80.jpg_.webp,Non-Mall,"[YenTran] Đầm Nữ  Dễ Thương Đan Dây Lưng Chất Đũi Dáng Rộng, 1m1",1595 đánh giá,52.000 ₫,57,20,51,88,1379,4.7,Tổng Kho Yến Trần,95%,97%,100%
No Brand,Giày dép & Quần áo nữ,//vn-live-05.slatic.net/p/6523b26da7b35c72b2deaed6a3d5e1c1.jpg_720x720q80.jpg_.webp,Non-Mall,[Yến Trần] ĐẦm Suông - Váy Suông CEST From Rộng - Dáng dài,244 đánh giá,50.000 ₫,4,1,8,20,211,4.8,Tổng Kho Yến Trần,95%,97%,100%
No Brand,Giày dép & Quần áo nữ,//vn-live-05.slatic.net/p/aa65374857128cac6954e09ec2743a29.jpg_720x720q80.jpg_.webp,Non-Mall,Váy cổ thắt nơ HSU0221,22 đánh giá,49.000 ₫,0,0,1,3,18,4.8,Thời Trang Nữ Hari Queen,87%,99%,100%
Gumac,Giày dép & Quần áo nữ,//vn-live-05.slatic.net/p/ea50b93fb75ee39bcd54bef849306aaa.jpg_720x720q80.jpg_.webp,Mall,Đầm nữ cổ vuông đan dây GUMAC DB667,29 đánh giá,199.000 ₫,1,0,0,0,28,4.9,GUMAC,98%,99%,100%
Gumac,Giày dép & Quần áo nữ,//vn-live-05.slatic.net/p/7595c9cbd6f27928a5eab87423ea82fd.jpg_720x720q80.jpg_.webp,Mall,Đầm nữ cổ V rút nhún GUMAC DB647,48 đánh giá,249.000 ₫,0,0,1,3,44,4.9,GUMAC,98%,99%,100%
No Brand,Giày dép & Quần áo nữ,//vn-live-05.slatic.net/p/7ae3e3a4c50edb4c262891bf27b4f038.jpg_720x720q80.jpg_.webp,Non-Mall,"Đầm trễ vai tiểu thư, váy trễ vai 3 tầng bèo chất voan 2 màu trắng đen - VIETCENVN",81 đánh giá,84.040 ₫,1,0,4,9,67,4.7,vietcentrevn,91%,96%,100%
Gumac,Giày dép & Quần áo nữ,//vn-live-05.slatic.net/p/c2620cc18b4b9260f654c60441869a86.jpg_720x720q80.jpg_.webp,Mall,Đầm nữ  sọc cổ bẻ DB713 mẫu mới GUMAC,22 đánh giá,229.000 ₫,0,0,0,1,21,5.0,GUMAC,98%,99%,100%
Gumac,Giày dép & Quần áo nữ,//vn-live-05.slatic.net/p/2a5a08b78be060a93d03b948d60d2856.jpg_720x720q80.jpg_.webp,Mall,Đầm nữ  8 mảnh rã cúp  DB7101 mẫu mới GUMAC,12 đánh giá,248.000 ₫,,,,,,,GUMAC,98%,99%,100%
Gumac,Giày dép & Quần áo nữ,//vn-live-05.slatic.net/p/59e3127d94d05f14ab4895b247e77ac6.jpg_720x720q80.jpg_.webp,Mall,Đầm nữ xếp ly eo GUMAC mẫu mới DB571 Chất Liệu Cotton Misa form hơi ôm style công sở,58 đánh giá,229.000 ₫,0,0,0,4,54,4.9,GUMAC,98%,99%,100%
No Brand,Giày dép & Quần áo nữ,//vn-live-05.slatic.net/p/80ef440a454e66dfc04086d51fffd617.jpg_720x720q80.jpg_.webp,Non-Mall,[Yến Trần] Đầm-Váy Suông Gấu Nana Hot,146 đánh giá,50.000 ₫,1,1,5,11,128,4.8,Tổng Kho Yến Trần,95%,97%,100%
Gumac,Giày dép & Quần áo nữ,//vn-live-05.slatic.net/p/b68f7556a5b840e3c9df3c7f8fb9bc1f.jpg_720x720q80.jpg_.webp,Mall,Đầm nữ eo chun nhún tùng GUMAC DB633,30 đánh giá,189.000 ₫,1,0,1,0,28,4.8,GUMAC,98%,99%,100%
No Brand,Giày dép & Quần áo nữ,//vn-live-05.slatic.net/p/a6db034c7678f29294dc3932d61965ca.png_720x720q80.jpg_.webp,Non-Mall,ĐẦM NGỦ PHI BÓNG REN MÀU SEXY 2 SIZE 45-55KG,176 đánh giá,36.960 ₫,9,3,13,15,136,4.5,MINH THU SHOPPING,96%,98%,100%
EDINI,Giày dép & Quần áo nữ,//vn-live-05.slatic.net/p/1277bc8ed75b6794e5d3e9097b0cc59e.jpg_720x720q80.jpg_.webp,Mall,EDINI - Đầm hai dây da lộn 4 màu D1333- D1334 - D1335 - D1336,13 đánh giá,300.000 ₫,,,,,,,EDINI,96%,98%,100%
No Brand,Giày dép & Quần áo nữ,//vn-live-05.slatic.net/p/b4af741bea31ed6b45a0f19c11b371e8.jpg_720x720q80.jpg_.webp,Non-Mall,Đầm body dài tay cổ vuông cúc bấm thời trang XIXO cao cấp sang mịn đẹp,97 đánh giá,81.200 ₫,4,0,1,3,89,4.8,XIXO,96%,93%,100%
No Brand,Giày dép & Quần áo nữ,//vn-live-05.slatic.net/p/63abb98b5b88fe7ce3894b971f721e21.jpg_720x720q80.jpg_.webp,Non-Mall,Váy Suông Cotton LAURENT Dáng Dài From Rộng Tới 75KG,82 đánh giá,51.800 ₫,1,2,2,1,76,4.8,Tổng Kho Yến Trần,95%,97%,100%
No Brand,Giày dép & Quần áo nữ,//vn-live-05.slatic.net/p/27105efb014930a2c551d3dce6fd5015.jpg_720x720q80.jpg_.webp,Non-Mall,Đầm Voan Hai Dây Nhún Ngực Phối Nút Giữa Dịu Dàng TT0019 (TTV0020),5 đánh giá,44.999 ₫,0,0,0,0,5,5.0,ThoiTrangVang,87%,99%,100%
Dottie,Giày dép & Quần áo nữ,//vn-live-05.slatic.net/p/812fc28d700525702a074cc10747b5ea.jpg_720x720q80.jpg_.webp,Mall,Đầm dài xếp ly ngực nữ DOTTIE đen - D0145,3 đánh giá,188.000 ₫,0,0,1,0,2,4.3,Dottie Store,96%,92%,100%
No Brand,Giày dép & Quần áo nữ,//vn-live-05.slatic.net/p/cc2e491bc91a388e10f4aec918e5d098.jpg_720x720q80.jpg_.webp,Non-Mall,Đầm maxi Shynstores - váy suông nữ 2 dây cổ tim basic vải mềm form rộng freeship,224 đánh giá,59.000 ₫,13,3,11,22,175,4.5,Shynstores,93%,100%,100%
BEMINE,Giày dép & Quần áo nữ,//vn-live-05.slatic.net/p/3b693ef2ce27e1b85bacb53e01fda3f5.jpg_720x720q80.jpg_.webp,Mall,Đầm caro phối cổ sơ mi trắng BEMINE MT1997ĐEN,6 đánh giá,157.000 ₫,,,,,,,BeMine,99%,99%,100%
No Brand,Giày dép & Quần áo nữ,//vn-live-05.slatic.net/p/e5b9a284f4960039992b88dc2f2367ad.jpg_720x720q80.jpg_.webp,Mall,Váy 2 dây - đầm suông nữ basic form rộng dáng dài vải đũi lụa mềm thoáng mát form rộng freeship,140 đánh giá,59.000 ₫,,,,,,,Shynstores,93%,100%,100%
BEMINE,Giày dép & Quần áo nữ,//vn-live-05.slatic.net/p/230d836b5b20a01df45bde64228e7a17.jpg_720x720q80.jpg_.webp,Mall,Đầm chữ A đính nút cổ phối BEMINE MT2122NAU,2 đánh giá,157.500 ₫,0,0,0,0,2,5.0,BeMine,99%,99%,100%
The Maven SAIGON,Giày dép & Quần áo nữ,//vn-live-05.slatic.net/p/627e6f10ff22b9edaff7d8b3932e4f56.jpg_720x720q80.jpg_.webp,Mall,MAVEN -  Váy xoè phối lưới Faren,9 đánh giá,1.484.000 ₫,0,0,1,0,8,4.8,The Maven SAIGON,95%,98%,100%
OEM,Giày dép & Quần áo nữ,//vn-live-05.slatic.net/p/02f4bcd82cf599211f8c610739d9293f.jpg_720x720q80.jpg_.webp,Non-Mall,Đầm cổ lọ tay dài ôm body chất thun Borip cao cấp chuẩn hàng Shop,41 đánh giá,65.090 ₫,1,0,1,0,39,4.9,Morning MT Shop,95%,98%,100%
BLEUBIRD,Giày dép & Quần áo nữ,//vn-live-05.slatic.net/p/9a92778c300237a2d4297a264f418ad3.jpg_720x720q80.jpg_.webp,Mall,BLEUBIRD Váy thô dáng xoè phối ren AKI DRESS,7 đánh giá,495.000 ₫,0,0,0,1,6,4.9,Bleubird,99%,95%,100%
No Brand,Giày dép & Quần áo nữ,//vn-live-05.slatic.net/p/86815a1013fad206621820b07951428b.jpg_720x720q80.jpg_.webp,Non-Mall,"[YenTran] Đầm Body - Váy Body Len Tăm Dài Tay Cổ Tròn Hàng Đẹp Bán Cửa Hàng, Dài Qua Gối  Có Video",20 đánh giá,54.900 ₫,0,1,0,1,18,4.8,Tổng Kho Yến Trần,95%,97%,100%
Gumac,Giày dép & Quần áo nữ,//vn-live-05.slatic.net/p/7101244c4afb77b8edd4df616c94470c.jpg_720x720q80.jpg_.webp,Mall,Đầm nữ  nhún eo tay bèo  DB765 mẫu mới GUMAC,25 đánh giá,248.000 ₫,0,0,0,1,24,5.0,GUMAC,98%,99%,100%
No Brand,Giày dép & Quần áo nữ,//vn-live-05.slatic.net/p/b938214e449a92b514ca16d3aca4abbb.jpg_720x720q80.jpg_.webp,Mall,Chân váy công sở,53 đánh giá,69.320 ₫,4,0,0,3,46,4.6,Xưởng May Ngọc Anh 1589554449,97%,98%,100%
No Brand,Giày dép & Quần áo nữ,//vn-live-05.slatic.net/p/8f4cc0501c6b90a313675010b8b1be46.jpg_720x720q80.jpg_.webp,Non-Mall,[YenTran] Đầm Nữ Dễ Thương in Hình em Bé Ngộ Nghĩnh,157 đánh giá,51.000 ₫,4,2,6,11,134,4.7,Tổng Kho Yến Trần,95%,97%,100%
No Brand,Giày dép & Quần áo nữ,//vn-live-05.slatic.net/p/87f69d32772a8d9f34ea809641d48128.jpg_720x720q80.jpg_.webp,Non-Mall,"Đầm ngủ phối ren kèm quần lót cực sexy , chất thun gân mềm mịn",24 đánh giá,59.000 ₫,1,0,1,0,22,4.8,Thanh Huong Shop74,93%,95%,100%
No Brand,Giày dép & Quần áo nữ,//vn-live-05.slatic.net/p/bc8019fc1c1a92348592e84f680c410e.jpg_720x720q80.jpg_.webp,Non-Mall,[Yến Trần]Đầm Suông Đuôi Cá Cổ Vuông Chất Đũi Buộc Nơ Sau Sang Chảnh,96 đánh giá,74.300 ₫,0,1,1,4,90,4.9,Tổng Kho Yến Trần,95%,97%,100%
No Brand,Giày dép & Quần áo nữ,//vn-live-05.slatic.net/p/724ecaec1b48a3c40b0022dc33596919.jpg_720x720q80.jpg_.webp,Non-Mall,[MẪU MỚI] Đầm Body Cổ Tròn Rút Sườn Thun Borip Thích Hợp Mặc Đi Tiệc Đi Làm Đi Chơi Phù Hợp Với Mọi Phong Cách,16 đánh giá,102.781 ₫,0,0,1,0,15,4.9,Shop Mun Béo,92%,99%,100%
OEM,Giày dép & Quần áo nữ,//vn-live-05.slatic.net/p/2636b76f70d6790e746cce65a47f10bf.jpg_720x720q80.jpg_.webp,Non-Mall,Váy Xuông Đũi Nơ Kèm Túi Sang Chảnh,15 đánh giá,72.000 ₫,0,0,0,1,14,4.9,Tổng Kho Yến Trần,95%,97%,100%
No Brand,Giày dép & Quần áo nữ,//vn-live-05.slatic.net/p/e84962d67fbe4861222d5f2a7185411d.jpg_720x720q80.jpg_.webp,Non-Mall,"[ FREESHIP ] Váy nữ, váy đầm nữ dễ thương tay dài mặc đi tiệc đi chơi chất đẹp [  VÁY A DÀI ]",79 đánh giá,79.000 ₫,0,0,0,0,79,5.0,Mina Nguyen Shop,95%,100%,100%
VONDA,Giày dép & Quần áo nữ,//my-live-05.slatic.net/p/68f43bd0cb8eb71b1ee6116fe306d37e.jpg_720x720q80.jpg_.webp,Mall,"(Phong Cách Phương Tây) VONDA Đầm Nữ In Họa Tiết Hoài Cổ Trang Trọng, Đầm Maxi Có Dây Dài Dự Tiệc Buổi Tối",5 đánh giá,166.000 ₫,0,0,0,1,4,4.8,VONDA,94%,100%,99%
OEM,Giày dép & Quần áo nữ,//vn-live-05.slatic.net/p/00f5cda541c184fe32babfb8fb45f826.jpg_720x720q80.jpg_.webp,Non-Mall,Fs 0Đ_Váy Body 2 Dây Sợi Bún Dáng Dài,26 đánh giá,38.000 ₫,0,0,0,0,26,5.0,T&Tstore 1623644433,97%,96%,100%
Rechic,Giày dép & Quần áo nữ,//vn-live-05.slatic.net/p/bb28ada907f6938f6aa576f8b398a1cc.jpg_720x720q80.jpg_.webp,Mall,RECHIC Đầm Lanie Màu Be Cổ V tay kiểu xinh xắn dễ thương dạo phố công sở,3 đánh giá,320.000 ₫,0,0,0,0,3,5.0,Rechic Official Store,97%,64%,100%
Gumac,Giày dép & Quần áo nữ,//vn-live-05.slatic.net/p/b66fbe1a460a92979abdcaaa009a22d0.jpg_720x720q80.jpg_.webp,Mall,Áo kiểu cổ vuông ôm nhún trễ vai GUMAC AB782,Không có đánh giá,143.000 ₫,0,0,0,0,0,0,GUMAC,98%,99%,100%
Elise,Giày dép & Quần áo nữ,//vn-live-05.slatic.net/p/913573abdde378d86bc64ee25b9ef4be.jpg_720x720q80.jpg_.webp,Mall,Jumpsuit đen trễ vai cúc PK Elise FW2007009JLWOBK,Không có đánh giá,449.000 ₫,0,0,0,0,0,0,elise_official,98%,100%,100%
zanzea,Giày dép & Quần áo nữ,//vn-live-05.slatic.net/original/843b7e4d1f47eb55c450efbea2a52208.jpg_720x720q80.jpg_.webp,Mall,Quần yếm Dungaree Playsuit Romper ZANZEA 100% cotton thoáng mát thiết kế thời trang form rộng tôn dáng - INTL,70 đánh giá,178.000 ₫,1,2,1,7,59,4.7,ZANZEA,92%,100%,97%
BT Fashion,Giày dép & Quần áo nữ,//vn-live-05.slatic.net/p/06ebb7c0ec9ced208a696767f791fe79.jpg_720x720q80.jpg_.webp,Non-Mall,"(Mua Lẻ hoặc Bộ) Quần Thể Thao Jogger  + Áo Thun Cặp (SPUN 01) - Thời Trang Hot Fashion - Hình thật, Video",267 đánh giá,36.335 ₫,3,0,9,20,235,4.8,BAO-TIN FASHION,91%,98%,100%
No Brand,Giày dép & Quần áo nữ,//vn-live-05.slatic.net/p/30d5e2f1d6e5855328f7855398e4a130.jpg_720x720q80.jpg_.webp,Non-Mall,[HCM]SET BỘ THỜI TRANG LỬNG THÊU HỌA TIẾT DỄ THƯƠNG,12 đánh giá,79.000 ₫,0,0,0,1,11,4.9,HUỲNH PHẠM SHOP,95%,96%,100%
No Brand,Giày dép & Quần áo nữ,//vn-live-05.slatic.net/p/48fb503aa868d2b25c19e37931844900.jpg_720x720q80.jpg_.webp,Non-Mall,[HCM]SET ĐÙI THỜI TRANG HOA CÚC SIÊU XINH-KIỂU DÁNG THỜI TRANG PHÙ HỢP MỌI LỨA TUỔI,811 đánh giá,68.000 ₫,35,14,23,52,687,4.7,HUỲNH PHẠM SHOP,95%,96%,100%
No Brand,Giày dép & Quần áo nữ,//vn-live-05.slatic.net/p/7debf00671419c0ce1c1c94ceb4161c2.jpg_720x720q80.jpg_.webp,Non-Mall,[HCM]SET BỘ ĐÙI THỜI TRANG THIÊU CHỮ PHỐI VIỀN SIÊU XINH-NEW,75 đánh giá,68.900 ₫,3,2,1,7,62,4.6,GIA KHANG_SHOP,95%,91%,100%
No Brand,Giày dép & Quần áo nữ,//vn-live-05.slatic.net/p/2297e650a6a0a6e3bcd6d8f006c63059.jpg_720x720q80.jpg_.webp,Non-Mall,[HCM]SET ĐÙI THIÊU HOẠ TIẾT HOẠT HÌNH DỄ THƯƠNG,48 đánh giá,68.000 ₫,3,0,1,6,38,4.6,HUỲNH PHẠM SHOP,95%,96%,100%
OEM,Giày dép & Quần áo nữ,//vn-live-05.slatic.net/p/9c0e92be5b5b2a2768f8e91e2d7167f9.jpg_720x720q80.jpg_.webp,Non-Mall,"[Mẫu Mới] Sét Bộ Đùi Áo Sơ Mi Bèo Nhún Cài Nút Kèm Quần Lững LONG Mart Màu Sắc Nhã Nhặn Thật Sự Phù Hợp Để Tới Công Sở, Đi Làm Hoặc Đi Chơi,Free Size Dưới 55kg,Phù Hợp Với Mọi Phong Cách.",8 đánh giá,89.000 ₫,,,,,,,LONG Mart,93%,96%,100%
No Brand,Giày dép & Quần áo nữ,//vn-live-05.slatic.net/p/9c1378894f5212a0b652476f8443951d.png_720x720q80.jpg_.webp,Non-Mall,[HCM]SÉT BỘ THỜI TRANG LỬNG PHỐI MÀU TAY DỄ THƯƠNG,184 đánh giá,69.000 ₫,6,8,11,12,147,4.6,HUỲNH PHẠM SHOP,95%,96%,100%
No Brand,Giày dép & Quần áo nữ,//vn-live-05.slatic.net/p/d95ab3341de6dbc2220f2cdc21ae40ab.jpg_720x720q80.jpg_.webp,Non-Mall,[HCM]JUM MAXI QUYẾN RỦ,144 đánh giá,76.890 ₫,10,5,6,11,112,4.5,THIÊN TRANG FASHION,94%,98%,100%
No Brand,Giày dép & Quần áo nữ,//vn-live-05.slatic.net/p/3f05007e5f6faff69594a50778bbab7c.jpg_720x720q80.jpg_.webp,Non-Mall,[HCM]SET BỘ THỜI TRANG DÀI TAY THÊU TIM DỄ THƯƠNG-ĐỦ SIZE 40-75KG,50 đánh giá,78.000 ₫,4,1,2,3,40,4.5,HUỲNH PHẠM SHOP,95%,96%,100%
No Brand,Giày dép & Quần áo nữ,//vn-live-05.slatic.net/p/7e360a51f7c1dc35139206e40642504d.png_720x720q80.jpg_.webp,Non-Mall,[HCM]SET BỘ ĐÙI GIẢ CHÂN VÁY THỜI TRANG SIÊU XINH,43 đánh giá,68.000 ₫,5,1,3,2,32,4.3,GIA KHANG_SHOP,95%,91%,100%
No Brand,Giày dép & Quần áo nữ,//vn-live-05.slatic.net/p/234285e0946cc32d20ee76682f3a6842.jpg_720x720q80.jpg_.webp,Non-Mall,[HCM]SET BÔ THU ĐÔNG DÀI TAY THÊU TIM DỄ THƯƠNG-SIZE 40KG-75KG,23 đánh giá,78.000 ₫,1,1,0,2,19,4.6,HUỲNH PHẠM SHOP,95%,96%,100%
OEM,Giày dép & Quần áo nữ,//vn-live-05.slatic.net/p/b9f489c6d234dd60bdb6f28ce5caa31c.jpg_720x720q80.jpg_.webp,Non-Mall,"[Mẫu Mới] Sét Bộ Đùi Tay Phồng Cực Xinh LONG Mart Màu Sắc Nhã Nhặn Thật Sự Phù Hợp Để Tới Công Sở, Đi Làm Hoặc Đi Chơi,Free Size Dưới 55kg,Phù Hợp Với Mọi Phong Cách.",5 đánh giá,91.040 ₫,,,,,,,LONG Mart,93%,96%,100%
No Brand,Giày dép & Quần áo nữ,//vn-live-05.slatic.net/p/f9a55abe2eeb8fcf1010ae9a69cee57c.jpg_720x720q80.jpg_.webp,Non-Mall,[Hàng Hót] Sét áo & Chân Váy Siêu dễ thương cá tính + video thật,130 đánh giá,85.340 ₫,2,1,3,6,118,4.8,dream_store 76,95%,95%,100%
OEM,Giày dép & Quần áo nữ,//vn-live-05.slatic.net/p/55a9d58dffe8dfee3bd22dfe27a652b6.jpg_720x720q80.jpg_.webp,Non-Mall,"[Mẫu Mới] Sét Áo Nhúng Bèo Quần Ống Rộng LONG Mart Màu Sắc Nhã Nhặn Thật Sự Phù Hợp Để Tới Công Sở, Đi Làm Hoặc Đi Chơi,Free Size Dưới 55kg,Phù Hợp Mọi Với Mọi Phong Cách.",4 đánh giá,97.000 ₫,0,0,0,0,4,5.0,LONG Mart,93%,96%,100%
OEM,Giày dép & Quần áo nữ,//vn-live-05.slatic.net/p/28e2010bcf25529ede5e2d276dfc4b56.jpg_720x720q80.jpg_.webp,Non-Mall,"[Mẫu Mới] Sét Đùi Giả Váy Áo 2 Bèo Trể Vai (Có Mút Ngực) LONG Mart Màu Sắc Nhã Nhặn Thật Sự Phù Hợp Để Tới Công Sở, Đi Làm Hoặc Đi Chơi,Free Size Dưới 55kg,Phù Hợp Với Mọi Phong Cách.",28 đánh giá,83.000 ₫,,,,,,,LONG Mart,93%,96%,100%
OEM,Giày dép & Quần áo nữ,//vn-live-05.slatic.net/p/684d3d5d6be5f6cb84b3835627b975c4.jpg_720x720q80.jpg_.webp,Non-Mall,JUM VOAN XẺ TÀ DỰ TIỆC,59 đánh giá,82.000 ₫,4,3,3,5,44,4.4,MÓM XINH SHOP,93%,94%,100%
No Brand,Giày dép & Quần áo nữ,//vn-live-05.slatic.net/p/c8f03397568e799414dd47c7b515d37d.jpg_720x720q80.jpg_.webp,Non-Mall,[HCM]SET BỘ ĐÙI THIÊU HỌA TIẾT HOẠT HÌNH SIÊU HOT,78 đánh giá,69.000 ₫,4,1,3,6,64,4.6,GIA KHANG_SHOP,95%,91%,100%
OEM,Giày dép & Quần áo nữ,//vn-live-05.slatic.net/p/7a41d198c4a3c7f9ecfc308d2a1a4da0.jpg_720x720q80.jpg_.webp,Non-Mall,"Sét Đồ Bộ Kiểu Nữ Đi Chơi Áo Cổ Vuông Eo Chun Tay Bồng & Quần Đùi Có 3 Màu ( Xanh, Vàng, Da ) Mùa Hè Cứ Gọi Đẹp Nổi Bần Bật",81 đánh giá,79.560 ₫,0,0,0,0,81,5.0,D.ONE FASHION,93%,100%,100%
No Brand,Giày dép & Quần áo nữ,https://filebroker-s.slatic.net/S37780b15e7a748e382decb9b327fb045W.jpg_720x720q80.jpg_.webp,Non-Mall,Combo 3 set đồ xinh xinh áo 2 dây quần đùi chỉ 100k( khách k chọn màu shop chọn màu ngẫu nhiên ạ),Không có đánh giá,99.000 ₫,0,0,0,0,0,0,Mẹ Nấm Clothing,96%,95%,100%
OEM,Giày dép & Quần áo nữ,//vn-live-05.slatic.net/p/71063c431b373855b81a59bff3d077da.jpg_720x720q80.jpg_.webp,Non-Mall,Sét Bộ 3 Món SIêu Dễ Thương Kèm Áo Trong Có Mút Ngực Chất Liệu Vải Umi Cao Cấp. QC,Không có đánh giá,99.000 ₫,0,0,0,0,0,0,SUNO_FASHION,91%,99%,100%
No Brand,Giày dép & Quần áo nữ,//vn-live-05.slatic.net/p/b14da42d5ef0c8cf972071f169e2719d.jpg_720x720q80.jpg_.webp,Non-Mall,[HCM]SÉT BỘ COTTON ĐÙI PHỐI VIỀN SIÊU DỄ THƯƠNG(CÓ SIZE 3XL:66-75KG),249 đánh giá,68.000 ₫,7,6,8,14,214,4.7,HUỲNH PHẠM SHOP,95%,96%,100%
No Brand,Giày dép & Quần áo nữ,//vn-live-05.slatic.net/p/df4a562609fdfdbaf7085291f0f568d6.jpg_720x720q80.jpg_.webp,Non-Mall,"SET BỘ THỂ THAO CHO CÁC CHỊ EM , THỜI TRANG PHONG CÁCH MỚI TT",Không có đánh giá,12.000 ₫,0,0,0,0,0,0,MIDU FASHION 1619531478,92%,96%,100%
OEM,Giày dép & Quần áo nữ,//vn-live-05.slatic.net/p/083fdf6dc364f6d9b02089e748b32d52.jpg_720x720q80.jpg_.webp,Non-Mall,"[Mẫu Mới] Sét Bộ Áo Cổ Yếm Kèm Quần LONG Mart Màu Sắc Nhã Nhặn Thật Sự Phù Hợp Để Tới Công Sở, Đi Làm Hoặc Đi Chơi,Free Size Dưới 55kg,Phù Hợp Với Mọi Phong Cách.",20 đánh giá,85.000 ₫,0,0,0,1,19,5.0,LONG Mart,93%,96%,100%
OEM,Giày dép & Quần áo nữ,//vn-live-05.slatic.net/p/884641df0bfccf2627e8a44d4e17db5a.jpg_720x720q80.jpg_.webp,Non-Mall,Jum Phối Ren Xẻ Tà Cổ Yếm Đính Ngọc Cột Nơ,40 đánh giá,76.752 ₫,3,3,3,2,29,4.3,D.ONE FASHION,93%,100%,100%
No Brand,Giày dép & Quần áo nữ,//vn-live-05.slatic.net/p/1bc3f0e9fb6201ebe941d8283b1e665b.jpg_720x720q80.jpg_.webp,Non-Mall,[HCM]Áo Thun Nữ In Hình Sofun Cá Tính D373 Trần Doanh ( Màu Trắng ) + Tặng Áo Thun In Hình T&D Cao Cấp,27 đánh giá,115.000 ₫,1,1,0,1,24,4.7,Tiến Thành Shop,96%,Không đủ thông tin,100%
No Brand,Giày dép & Quần áo nữ,//vn-live-05.slatic.net/p/6b67411d2266d2a5983a5214533c67f2.png_720x720q80.jpg_.webp,Non-Mall,Bộ quần đùi áo thun new york 1999 Hương Su,1 đánh giá,61.000 ₫,0,0,0,0,1,5.0,Shop Hương Su,94%,94%,100%
No Brand,Giày dép & Quần áo nữ,//vn-live-05.slatic.net/p/13d5a64c3a778723c95f40e6c7779dde.jpg_720x720q80.jpg_.webp,Non-Mall,[XẢ KHO 2 NGÀY] Set áo cánh tiên cột nơ lưng phối chân váy rách lai body tối giản,87 đánh giá,99.000 ₫,4,0,4,3,76,4.7,Tiểu My House,93%,99%,100%
No Brand,Giày dép & Quần áo nữ,//vn-live-05.slatic.net/p/9656797500c0617cdf4324aee24029ea.jpg_720x720q80.jpg_.webp,Non-Mall,[HCM]Jumpsuit Ngắn Misa Fashion Họa Tiết Hoa Lá Trẻ Trung Giá Cực Tốt - MS358,10 đánh giá,127.402 ₫,0,0,0,0,10,5.0,Misa-Fashion,92%,100%,100%
OEM,Giày dép & Quần áo nữ,//vn-live-05.slatic.net/p/634cea9e57127470a8079869f72a065b.jpg_720x720q80.jpg_.webp,Non-Mall,"[Mẫu Mới] Sét Đồ Bộ Áo From Rộng Cột Nơ Sau Kèm Quần Dài LONG Mart Màu Sắc Nhã Nhặn Thật Sự Phù Hợp Để Tới Công Sở, Đi Làm Hoặc Đi Chơi,Free Size Dưới 55kg,Phù Hợp Với Mọi Phong Cách.",25 đánh giá,89.000 ₫,,,,,,,LONG Mart,93%,96%,100%
zanzea,Giày dép & Quần áo nữ,//my-live-05.slatic.net/p/e83b9f1f0c492d3c37cc8e2f849215cd.jpg_720x720q80.jpg_.webp,Mall,ZANZEA Áo Sơ Mi Nữ Ren Hoa Xuyên Thấu Áo Liền Quần Ôm Sát Dạ Tiệc Hàng Đầu,14 đánh giá,117.000 ₫,0,0,0,3,11,4.8,ZANZEA,92%,100%,97%
OEM,Giày dép & Quần áo nữ,//vn-live-05.slatic.net/p/3aae30d8f9d7336bde870584f26dbf62.jpg_720x720q80.jpg_.webp,Non-Mall,"[Mẫu Mới] Sét Đùi Gấp Lai Có Con Đỉa Kèm Áo In Mặt Trời LONG Mart Màu Sắc Nhã Nhặn Thật Sự Phù Hợp Để Tới Công Sở, Đi Làm Hoặc Đi Chơi,Free Size Dưới 55kg,Phù Hợp Với Mọi Phong Cách.",7 đánh giá,89.000 ₫,,,,,,,LONG Mart,93%,96%,100%
No Brand,Giày dép & Quần áo nữ,//vn-live-05.slatic.net/p/562c6b5d6265deaa59548e18d66fb807.jpg_720x720q80.jpg_.webp,Non-Mall,[HCM]SET BỘ THỜI TRANG THÊU OFF DỄ THƯƠNG,11 đánh giá,79.000 ₫,0,1,1,0,9,4.5,GIA KHANG_SHOP,95%,91%,100%
OEM,Giày dép & Quần áo nữ,https://cf.shopee.vn/file/b4855ee3ae0afe941e65bc4f4574b58b,Non-Mall,QuầN LóT Kẻ SọC ThủY Thủ,Không có đánh giá,35.000 ₫,0,0,0,0,0,0,Renci_Official,,80%,100%
No Brand,Giày dép & Quần áo nữ,//vn-live-05.slatic.net/p/0d9de3a631caf33c14429d8bf24aa181.jpg_720x720q80.jpg_.webp,Non-Mall,"SET ĐỒ NỮ SIÊU XINH , SANG TRỌNG , NỮ TÍNH KIỂU CÁCH 2021 THỜI THƯỢNG CHO CHỊ EM TT CBD",Không có đánh giá,28.000 ₫,0,0,0,0,0,0,Thỏ Tây fashion,77%,89%,100%
No Brand,Giày dép & Quần áo nữ,//vn-live-05.slatic.net/p/7119642d4d93cd9342d299e986774afe.jpg_720x720q80.jpg_.webp,Non-Mall,SET BỘ THỂ THAO NHUNG KHÓA NĂNG ĐỘNG CHO NỮ,1 đánh giá,139.000 ₫,0,0,0,0,1,5.0,SHOP TÀI ANH,,75%,100%
No Brand,Giày dép & Quần áo nữ,//my-live-05.slatic.net/p/10237cdd1cc3c72fa2327db9e9c863c6.jpg_720x720q80.jpg_.webp,Non-Mall,Áo Thun Tay Phồng Cổ Chữ V Họa Tiết Xếp Li Ngọt Ngào Và Tươi Mới Áo Khoác Len Nữ Mùa Hè Bằng Gỗ Khâu Lưới,Không có đánh giá,123.000 ₫,,,,,,,Stone Cow,88%,87%,89%
No Brand,Giày dép & Quần áo nữ,//vn-live-05.slatic.net/p/8038756b695ea46f1767693325b263c8.jpg_720x720q80.jpg_.webp,Non-Mall,Set &aacute;o nhũ v&agrave; ch&acirc;n v&aacute;y kim sa,Không có đánh giá,255.000 ₫,0,0,0,0,0,0,Splavender4,,Không đủ thông tin,100%
Gumac,Giày dép & Quần áo nữ,//vn-live-05.slatic.net/p/3aca1741c6e2b003a123883ab848ff06.jpg_720x720q80.jpg_.webp,Mall,Áo tay dơi phối màu GUMAC AMB627,14 đánh giá,99.000 ₫,0,0,0,0,14,5.0,GUMAC,98%,99%,100%
Tsun,Giày dép & Quần áo nữ,//vn-live-05.slatic.net/p/81905cfd9ac94522bfebe124ad97afcd.jpg_720x720q80.jpg_.webp,Mall,TSUN Sunrise Tee/ White,8 đánh giá,350.000 ₫,0,0,0,0,8,5.0,TSUN The Shirt You Need,97%,92%,100%
Gumac,Giày dép & Quần áo nữ,//vn-live-05.slatic.net/p/fbc360a3359e94114f53652e2370c74f.jpg_720x720q80.jpg_.webp,Mall,Áo in chữ phối đô GUMAC AMB628,14 đánh giá,99.000 ₫,0,0,1,0,13,4.9,GUMAC,98%,99%,100%
No Brand,Giày dép & Quần áo nữ,//vn-live-05.slatic.net/p/b933e35116afa0b1c81a061da1cec960.jpg_720x720q80.jpg_.webp,Non-Mall,[ SIÊU KHUYẾN MÃI ] BỘ CHÓ DÀI SLOPPY CỰC HOT NAM NỮ D35,1 đánh giá,43.000 ₫,0,1,0,0,0,2.0,Van Duc Fashion,82%,98%,100%
No Brand,Giày dép & Quần áo nữ,//vn-live-05.slatic.net/p/bb8a69359fafc390f6083a6732edf405.jpg_720x720q80.jpg_.webp,Non-Mall,Sét Bộ Voan Công Sở Áo Tay Ngắn Cổ Sơ Vin Gài Nút Phối Quần Ống Rộng Chanh Sả TTSA0675,40 đánh giá,94.400 ₫,,,,,,,TT Lady,87%,100%,100%
No Brand,Giày dép & Quần áo nữ,//vn-live-05.slatic.net/p/8cbc469c91d89dbba1a8b130aa7a5c21.jpg_720x720q80.jpg_.webp,Non-Mall,"ÁO HOODIE, SET ÁO HOODIE IN HÌNH KHỦNG LONG MẤT MẠNG CUTE",2 đánh giá,69.000 ₫,0,0,0,0,2,5.0,BIOLINE_VIETNAM,93%,91%,100%
No Brand,Giày dép & Quần áo nữ,//vn-live-05.slatic.net/p/07bc782fb7955946c7340609815f26c8.jpg_720x720q80.jpg_.webp,Non-Mall,[HCM]Áo thun tay lỡ nam nữ loang màu in hình SUCK MY cực hot,17 đánh giá,20.900 ₫,1,0,1,3,12,4.5,TrungHuyShop,87%,100%,100%
No Brand,Giày dép & Quần áo nữ,//vn-live-05.slatic.net/p/0476685ad5d73ce5b506471706dbb3c3.jpg_720x720q80.jpg_.webp,Non-Mall,Sét yếm cánh tiên stype TTSA0354,17 đánh giá,96.030 ₫,2,0,2,1,12,4.2,ThoiTrangVang,87%,99%,100%
No Brand,Giày dép & Quần áo nữ,//vn-live-05.slatic.net/p/567904f54f23cf3757ca8b1cedd90f4d.jpg_720x720q80.jpg_.webp,Non-Mall,Sét Bộ Voan Tay Ngắn Chạy Đường Chỉ Quanh Áo Cổ Bẻ Phối Túi Đắp Quần Đùi Ống Rộng Xì Tin TTSA0715,1 đánh giá,98.999 ₫,0,0,0,0,1,5.0,Thời Trang Giá Sĩ 1586745377,85%,99%,100%
No Brand,Giày dép & Quần áo nữ,//vn-live-05.slatic.net/p/e3edf64015b3fb0d7a86c837e0529730.jpg_720x720q80.jpg_.webp,Non-Mall,Sét bộ dài croptop in hình vịt DONAL TTSA0418,6 đánh giá,98.999 ₫,1,0,0,0,5,4.3,Thời Trang Giá Sĩ 1586745377,85%,99%,100%
No Brand,Giày dép & Quần áo nữ,//vn-live-05.slatic.net/p/ee7497accb8ea9c1df237682ae8bee87.jpg_720x720q80.jpg_.webp,Non-Mall,Sét bộ đùi voan phối áo babydoll cổ vuông tươi trẻ TTSA0472,2 đánh giá,98.999 ₫,0,0,1,0,1,4.0,Thời Trang Giá Sĩ 1586745377,85%,99%,100%
No Brand,Giày dép & Quần áo nữ,//vn-live-05.slatic.net/p/885823bcc52ab401f96999a18b60e62b.jpg_720x720q80.jpg_.webp,Non-Mall,Áo Thu Đông Nam  Dài Tay - Chất Liệu Nỉ Lót Lông - Áo Nỉ Nam Cao Cấp  - Hàng Full Size - TD66 -  Bumfashion,9 đánh giá,69.000 ₫,0,0,0,0,9,5.0,Bum-Fashion,92%,99%,100%
No Brand,Giày dép & Quần áo nữ,//vn-live-05.slatic.net/p/586215402d97c7fda306e7dcb720cbac.jpg_720x720q80.jpg_.webp,Non-Mall,"[sĩ] Áo Thun nhóm- áo lớp-gia đình 3,4 người CỎ 4 LÁ chất Cotton đẹp .có size ngoại cỡ",1 đánh giá,25.000 ₫,0,0,0,0,1,5.0,XƯỞNG ÁO THUN ANH NGA.CHUYÊN SĨ,95%,98%,100%
OEM,Giày dép & Quần áo nữ,//vn-live-05.slatic.net/p/857c150e92437fad6a01467d33722682.png_720x720q80.jpg_.webp,Non-Mall,ÁO SOMI NAM NỮ CHẤT LỤA PHONG CÁCH AMISHASHOP98 MS175,22 đánh giá,88.000 ₫,1,1,1,0,19,4.6,Amishashop98,91%,100%,100%
OEM,Giày dép & Quần áo nữ,//vn-live-05.slatic.net/p/c5bb2cf6aacee402ee67702b41bb6ccc.jpg_720x720q80.jpg_.webp,Non-Mall,ÁO SOMI NAM NỮ CHẤT LỤA PHONG CÁCH AMISHASHOP98 MS176,25 đánh giá,88.000 ₫,2,0,0,4,19,4.5,Amishashop98,91%,100%,100%
No Brand,Giày dép & Quần áo nữ,//vn-live-05.slatic.net/p/df27d1491686de9faa2b65a7f1fcf796.jpg_720x720q80.jpg_.webp,Non-Mall,Sét Bộ Voan Lụa Thổ Cẩm Cổ Yếm Quần Ống Rộng Sanh Chảnh TTSLA0287,3 đánh giá,120.975 ₫,0,1,0,0,2,4.0,Thời Trang Giá Sĩ 1586745377,85%,99%,100%
No Brand,Giày dép & Quần áo nữ,//vn-live-05.slatic.net/p/c24c78cfb1c4c695dee7edc2ef4fecdc.jpg_720x720q80.jpg_.webp,Non-Mall,Áo sơ mi nam nữ mặc được in RESIDUA WASTE cực hot,13 đánh giá,19.000 ₫,0,0,1,0,12,4.8,Huyken Shop,88%,97%,100%
No Brand,Giày dép & Quần áo nữ,//vn-live-05.slatic.net/p/cb8ea0f5a42d5d11e295d70a3b23039c.jpg_720x720q80.jpg_.webp,Non-Mall,Sét bộ vét 3 món voan dày đẹp TTSA0800,1 đánh giá,138.999 ₫,0,0,0,1,0,4.0,Thời Trang Giá Sĩ 1586745377,85%,99%,100%
No Brand,Giày dép & Quần áo nữ,//vn-live-05.slatic.net/p/0a3a5c5917a9894b7f508d5eca32cd9a.jpg_720x720q80.jpg_.webp,Non-Mall,Bộ thun da cá in hình cô gái đeo túi xách hiện đại TTSA0469,Không có đánh giá,98.999 ₫,0,0,0,0,0,0,Thời Trang Giá Sĩ 1586745377,85%,99%,100%
No Brand,Giày dép & Quần áo nữ,//vn-live-05.slatic.net/p/a35bc3478d1d79505846c40db355be66.jpg_720x720q80.jpg_.webp,Non-Mall,Sét đồ bộ áo thun cổ vuông borip phối quần nỉ jogger loang màu TTSLA0525,Không có đánh giá,138.999 ₫,0,0,0,0,0,0,Thời Trang Giá Sĩ 1586745377,85%,99%,100%
No Brand,Giày dép & Quần áo nữ,//vn-live-05.slatic.net/p/7620c0a06734bd9991a41943eb756b3f.jpg_720x720q80.jpg_.webp,Non-Mall,Bộ voan yếm da beo cực xinh TTSA0470,Không có đánh giá,98.999 ₫,0,0,0,0,0,0,Thời Trang Giá Sĩ 1586745377,85%,99%,100%
No Brand,Giày dép & Quần áo nữ,//vn-live-05.slatic.net/p/4cbf2d5aced0a98bc667d5b114d253a8.jpg_720x720q80.jpg_.webp,Non-Mall,Sét bộ chấm bi bo nhún kèm rút ngực quần dài xinh xinh TTSa1015,Không có đánh giá,118.999 ₫,0,0,0,0,0,0,Thời Trang Giá Sĩ 1586745377,85%,99%,100%
No Brand,Giày dép & Quần áo nữ,//vn-live-05.slatic.net/p/49aee74c63c875c651082ef7759fba3d.jpg_720x720q80.jpg_.webp,Non-Mall,Sét bộ đồ quần jogger màu phối áo thun croptop cổ tròn body phong cách bụi TTSLA0563,Không có đánh giá,139.000 ₫,0,0,0,0,0,0,Thời Trang Giá Sĩ 1586745377,85%,99%,100%
No Brand,Giày dép & Quần áo nữ,//vn-live-05.slatic.net/p/cb8ea0f5a42d5d11e295d70a3b23039c.jpg_720x720q80.jpg_.webp,Non-Mall,Sét bộ vét 3 món voan dày đẹp TTSA0800,Không có đánh giá,138.900 ₫,0,0,0,0,0,0,TT Lady,87%,100%,100%
No Brand,Giày dép & Quần áo nữ,//vn-live-05.slatic.net/p/afc754a0aca4cdf39f142ecb55237f59.jpg_720x720q80.jpg_.webp,Non-Mall,Sét Bộ Công Sở Ba Món Áo Phối Quần Đùi Kèm Áo Khoác Sơ Vin Bên Ngoài Fashion Cá Tính TTSA0769,Không có đánh giá,158.999 ₫,0,0,0,0,0,0,Thời Trang Giá Sĩ 1586745377,85%,99%,100%
No Brand,Giày dép & Quần áo nữ,//vn-live-05.slatic.net/p/fad45acc03abb41e98eea31791e277a6.jpg_720x720q80.jpg_.webp,Non-Mall,Áo khoác ngoài cadigan TSO viền trắng kiểu cúc bấm tay bồng trẻ trung năng động,2 đánh giá,68.000 ₫,0,0,0,0,2,5.0,romwestore,94%,100%,100%
No Brand,Giày dép & Quần áo nữ,//vn-live-05.slatic.net/p/9597f441a21f8b56b0f1e7909872f272.jpg_720x720q80.jpg_.webp,Non-Mall,Sét Bộ In Chữ White Sau Lưng Chất Lừ TTSA0522,Không có đánh giá,98.999 ₫,0,0,0,0,0,0,Thời Trang Giá Sĩ 1586745377,85%,99%,100%
No Brand,Giày dép & Quần áo nữ,//vn-live-05.slatic.net/p/dc8430472e6cc95761c446fad60d5e5c.jpg_720x720q80.jpg_.webp,Non-Mall,Sét bộ áo nơ lưng viền eo phối quần dài trắng thời trang TTSA0305,Không có đánh giá,98.999 ₫,0,0,0,0,0,0,Thời Trang Giá Sĩ 1586745377,85%,99%,100%
No Brand,Giày dép & Quần áo nữ,//vn-live-05.slatic.net/p/6e5037421074f7caeae843e4edb31894.jpg_720x720q80.jpg_.webp,Non-Mall,Sét bộ body borip 3 món sexy TTSA0907,Không có đánh giá,158.999 ₫,0,0,0,0,0,0,Thời Trang Giá Sĩ 1586745377,85%,99%,100%
No Brand,Giày dép & Quần áo nữ,//vn-live-05.slatic.net/p/ced7e83e227e3b71675b6697d8882cef.jpg_720x720q80.jpg_.webp,Non-Mall,Sét bộ in hình thú COOKIE manster đáng yêu TTSLA0205,Không có đánh giá,98.999 ₫,0,0,0,0,0,0,Thời Trang Giá Sĩ 1586745377,85%,99%,100%
No Brand,Giày dép & Quần áo nữ,//vn-live-05.slatic.net/p/59b25c37b09018d197ea1079f1594a0b.jpg_720x720q80.jpg_.webp,Non-Mall,Sét Áo Voan Tai Thỏ Quần Cạp Cao Sành Điệu TTSA0573,Không có đánh giá,98.999 ₫,0,0,0,0,0,0,Thời Trang Giá Sĩ 1586745377,85%,99%,100%
No Brand,Giày dép & Quần áo nữ,//vn-live-05.slatic.net/p/df5e1665a3999c3487882fd7223c811e.jpg_720x720q80.jpg_.webp,Non-Mall,Sét bộ vintage croptop cổ bẻ truyền thống pha lẫn hiện đại TTSA0872Sét bộ vintage croptop cổ bẻ truyền thống pha lẫn hiện đại TTSA0872,Không có đánh giá,98.999 ₫,0,0,0,0,0,0,Thời Trang Giá Sĩ 1586745377,85%,99%,100%
No Brand,Giày dép & Quần áo nữ,//vn-live-05.slatic.net/p/c63721034fefad39017b4e075e9fa6f6.jpg_720x720q80.jpg_.webp,Non-Mall,Sét bộ croptop kate xì teen siêu chất TTSA0865,Không có đánh giá,98.999 ₫,0,0,0,0,0,0,Thời Trang Giá Sĩ 1586745377,85%,99%,100%
No Brand,Giày dép & Quần áo nữ,//vn-live-05.slatic.net/p/784f7483a9ae23594561167e0646aa1e.jpg_720x720q80.jpg_.webp,Non-Mall,Bộ thun cotton cộc tay in vịt DONAL TTSLA0192,Không có đánh giá,98.999 ₫,0,0,0,0,0,0,Thời Trang Giá Sĩ 1586745377,85%,99%,100%
No Brand,Giày dép & Quần áo nữ,//vn-live-05.slatic.net/p/76c9578f6147c0ae8f8db70f7f421cf9.jpg_720x720q80.jpg_.webp,Non-Mall,Sét đồ bộ dài quần jogger viền sọc Phối áo croptop in chữ GOOD GIRL AND BAD GIRL phong cách đường phố TTSLA0548,Không có đánh giá,118.999 ₫,0,0,0,0,0,0,Thời Trang Giá Sĩ 1586745377,85%,99%,100%
No Brand,Giày dép & Quần áo nữ,//vn-live-05.slatic.net/p/fb0a8805528acd68bf0dde198bd5c74e.jpg_720x720q80.jpg_.webp,Non-Mall,Sét bộ kate caro xanh quần dài phối áo thun croptop in hình chú bé dưa hấu đang yêu TTSLA0557,Không có đánh giá,139.000 ₫,0,0,0,0,0,0,Thời Trang Giá Sĩ 1586745377,85%,99%,100%
No Brand,Giày dép & Quần áo nữ,//vn-live-05.slatic.net/p/a6377786c6b95cf1ae4beb12559f6c68.jpg_720x720q80.jpg_.webp,Non-Mall,Sét bộ ngắn thắt nơ ngực ngày hè siêu chất TTSA0330,Không có đánh giá,98.999 ₫,0,0,0,0,0,0,Thời Trang Giá Sĩ 1586745377,85%,99%,100%
No Brand,Giày dép & Quần áo nữ,//vn-live-05.slatic.net/p/ccf9b5f6ccc5903de40f7d99c0ccd82b.jpg_720x720q80.jpg_.webp,Non-Mall,Sét bộ thể thao in hình hoa cúc trước ngực siêu chất TTSA0341,Không có đánh giá,98.999 ₫,0,0,0,0,0,0,Thời Trang Giá Sĩ 1586745377,85%,99%,100%
No Brand,Giày dép & Quần áo nữ,//vn-live-05.slatic.net/p/c3febefb943759c2900e43ccf9427653.jpg_720x720q80.jpg_.webp,Non-Mall,Sét đồ bộ in heo con cute TTSA0502,Không có đánh giá,98.999 ₫,0,0,0,0,0,0,Thời Trang Giá Sĩ 1586745377,85%,99%,100%
No Brand,Giày dép & Quần áo nữ,//vn-live-05.slatic.net/p/2e1d2f885e62dc780429a1e819bf0ea9.jpg_720x720q80.jpg_.webp,Non-Mall,Bộ đồ thun in hình con vật phong cách Nhật TTSLA0206,Không có đánh giá,98.999 ₫,0,0,0,0,0,0,Thời Trang Giá Sĩ 1586745377,85%,99%,100%
ARCTIC HUNTER,Túi xách và Vali túi du lịch,//vn-live-05.slatic.net/p/c204ac1f432a7ecfc7a9a3b89a3e94c0.jpg_720x720q80.jpg_.webp,Mall,"Balo học sinh Arctic Hunter B00120 chất liệu Oxford chống thấm nước, thiết kế nhiều ngăn có cổng sạc USB tiện dụng",23 đánh giá,387.320 ₫,,,,,,,Arctic Hunter Store,100%,100%,100%
Lata,Túi xách và Vali túi du lịch,//vn-live-05.slatic.net/p/664b2f4eaa315f7f65c1eeb077729092.jpg_720x720q80.jpg_.webp,Mall,"Balo nữ thời trang YUUMY Seasand YBA35 cách điệu họa tiết hình thoi trẻ trung, cá tính",12 đánh giá,189.000 ₫,,,,,,,LATA,95%,99%,100%
CNT,Túi xách và Vali túi du lịch,//vn-live-05.slatic.net/p/908c2c857dbe4486f6cca020accadaa9.jpg_720x720q80.jpg_.webp,Mall,Balo Thời Trang CNT BL33 Cá Tính,37 đánh giá,145.000 ₫,0,0,0,3,34,4.9,Túi Xách CNT,94%,83%,100%
Lata,Túi xách và Vali túi du lịch,//vn-live-05.slatic.net/p/b63943e4a3ebaaa1a398139950fb765a.jpg_720x720q80.jpg_.webp,Mall,Balo nữ thời trang phong cách dễ thương YUUMY YBA25,168 đánh giá,129.000 ₫,0,0,1,5,162,5.0,LATA,95%,99%,100%
No Brand,Túi xách và Vali túi du lịch,//vn-live-05.slatic.net/p/837ce1bc19a4e6202d2a8c1d4a68ea5b.jpg_720x720q80.jpg_.webp,Non-Mall,"balo đi học - cặp học sinh cấp 2,3 - Chống nước Chống bụi chống nước tặng kèm móc thú bông và Sticker T0001",312 đánh giá,133.400 ₫,2,1,4,21,284,4.9,hang_quang_chau888,95%,99%,100%
Lata,Túi xách và Vali túi du lịch,//vn-live-05.slatic.net/p/261b3059010e4411484dc2880553f87f.jpg_720x720q80.jpg_.webp,Mall,Balo nữ thời trang YUUMY YBA5,1493 đánh giá,175.000 ₫,3,4,5,56,1425,4.9,LATA,95%,99%,100%
No Brand,Túi xách và Vali túi du lịch,//vn-live-05.slatic.net/p/0174863f7ccc37a3c705fcce5ede7d25.jpg_720x720q80.jpg_.webp,Non-Mall,"balo đi học - cặp học sinh cấp 2,3 - Chống nước tặng kèm gấu và sticker - cao cấp quảng châu T882",325 đánh giá,123.000 ₫,1,0,6,11,307,4.9,hang_quang_chau888,95%,99%,100%
OEM,Túi xách và Vali túi du lịch,//vn-live-05.slatic.net/p/d2221366082a6d6261c7f83f35ee4caa.jpg_720x720q80.jpg_.webp,Non-Mall,"Balo Du Lịch Phượt , Balo Nam Nữ Thể Thao Mini Bag King 20L (Ảnh Thật+)",7 đánh giá,63.400 ₫,0,0,0,0,7,5.0,Bang King,90%,100%,100%
M STUDIO,Túi xách và Vali túi du lịch,//vn-live-05.slatic.net/p/e41be5066605cc4d6a9bfaf5d9f0d288.jpg_720x720q80.jpg_.webp,Mall,[FREE SHIP + VOUCHER 20K] Balo Japan Classic season 2  - Balo Nam Nữ Đi Học Thời Trang - Đựng Laptop Nam Nữ - Balo du lịch chống nước Local Brand Midori Studio,7 đánh giá,199.000 ₫,0,0,0,1,6,4.9,MIDORI STUDIO MDR,97%,100%,100%
OEM,Túi xách và Vali túi du lịch,//vn-live-05.slatic.net/p/1b0b46fdafc24f95d1c0f2f4e9773943.png_720x720q80.jpg_.webp,Non-Mall,SET 4 MÓN BALO HỌC SINH ĐI HỌC  NGĂN PHỐI MICA,169 đánh giá,67.190 ₫,15,5,10,25,114,4.3,MUA ƯU ĐÃI,87%,97%,100%
Lata,Túi xách và Vali túi du lịch,//vn-live-05.slatic.net/p/dc93ecc4aa53f97c2fa213b9c48e80d7.jpg_720x720q80.jpg_.webp,Mall,"Balo đa năng LATA BAL28 da tổng hợp không bong tróc, không thấm nước, kích thước 24x10x33cm - Bảo hành suốt thời gian sử dụng",2201 đánh giá,185.000 ₫,15,11,16,87,2072,4.9,LATA,95%,99%,100%
OEM,Túi xách và Vali túi du lịch,//vn-live-05.slatic.net/p/6be639a05466f1bc4115904801cb45ce.jpg_720x720q80.jpg_.webp,Non-Mall,"Balo Nữ Thời Trang Phong Cách Hàn Quốc, Balo Nữ Thời Trang Dáng Đẹp Chất Liệu Da Mềm Chống Nước Tốt Tx20",1 đánh giá,62.000 ₫,0,0,0,0,1,5.0,Bang King,90%,100%,100%
Lata,Túi xách và Vali túi du lịch,//vn-live-05.slatic.net/p/33afa181f5aae6c05dee6249ee0b7690.jpg_720x720q80.jpg_.webp,Mall,Balo nữ thời trang YUUMY YBA17,207 đánh giá,119.000 ₫,2,1,4,9,191,4.9,LATA,95%,99%,100%
No Brand,Túi xách và Vali túi du lịch,//vn-live-05.slatic.net/p/152fc1c2bee5613a79c5856785a749ac.jpg_720x720q80.jpg_.webp,Non-Mall,Balo Thời Trang Du Lịch Mini Nữ Đẹp - TDC074,16 đánh giá,67.000 ₫,0,0,0,1,15,4.9,Big Home,92%,100%,100%
No Brand,Túi xách và Vali túi du lịch,//vn-live-05.slatic.net/p/53c8f3413cc45bb5f37f8fbdae554d73.jpg_720x720q80.jpg_.webp,Non-Mall,Balo rồng cute nhiều màu,217 đánh giá,120.000 ₫,3,1,4,7,202,4.9,Phượt Sinh Viên,95%,98%,100%
OEM,Túi xách và Vali túi du lịch,//vn-live-05.slatic.net/p/f7c171144008bcd3a268e63200e9e5a5.jpg_720x720q80.jpg_.webp,Non-Mall,BALO TRẦN CHỈ HOT NHẤT 2021,Không có đánh giá,58.990 ₫,0,0,0,0,0,0,Hường Lana,,Không đủ thông tin,100%
Wiin House,Túi xách và Vali túi du lịch,//vn-live-05.slatic.net/p/5655bf6c3ac7a4c1face65117c0423d0.jpg_720x720q80.jpg_.webp,Mall,Wiin House-Balo Họa Tiết 3D Wiin x BigVas (Cactus),3 đánh giá,359.000 ₫,0,0,0,0,3,5.0,Balo.Wiin,99%,100%,100%
yuumy,Túi xách và Vali túi du lịch,//vn-live-05.slatic.net/p/2fb9bf7193538f71ebd95389cde0aba6.jpg_720x720q80.jpg_.webp,Mall,Balo nữ thời trang YUUMY YBA4,485 đánh giá,143.000 ₫,,,,,,,Yuumy Official Store,98%,97%,100%
OEM,Túi xách và Vali túi du lịch,//vn-live-05.slatic.net/p/mdc/206c85b61d1b645642ceae4ee229a0e5.jpg_720x720q80.jpg_.webp,Non-Mall,Balo Thời Trang (Đựng vừa A4),26 đánh giá,68.370 ₫,0,2,0,0,24,4.8,Giá Tốt 24.7,93%,98%,100%
No Brand,Túi xách và Vali túi du lịch,//vn-live-05.slatic.net/p/bb663dc1d018ace032b59f31a9c3f694.jpg_720x720q80.jpg_.webp,Non-Mall,Balo nữ Alice chất liệu vải canvas chống thấm tặng kèm sticker móc khóa gấu bông dễ thương,352 đánh giá,145.000 ₫,0,0,0,17,335,5.0,Quỳnh Ngân Shop,97%,100%,100%
M STUDIO,Túi xách và Vali túi du lịch,//vn-live-05.slatic.net/p/d19c34fd7d00718802a174b3d0413c36.jpg_720x720q80.jpg_.webp,Mall,[FREE SHIP + VOUCHER 20K + TẶNG KÈM HỘP BÚT 85K] Balo Japan Classic Season 3 - Balo Nam Nữ Đi Học Thời Trang - Đựng Laptop Nam Nữ - Balo du lịch chống nước CHÍNH HÃNG  Local Brand Midori Studio,Không có đánh giá,199.000 ₫,,,,,,,MIDORI STUDIO MDR,97%,100%,100%
OEM,Túi xách và Vali túi du lịch,//vn-live-05.slatic.net/p/mdc/cfd067ea943d0e72f66df16f49c34aee.jpg_720x720q80.jpg_.webp,Non-Mall,Balo Thời Trang (Đựng vừa A4),170 đánh giá,63.830 ₫,3,5,7,8,147,4.7,Big Home,92%,100%,100%
No Brand,Túi xách và Vali túi du lịch,//vn-live-05.slatic.net/p/83a0bbf32038b57338d24296d51db2c6.jpg_720x720q80.jpg_.webp,Non-Mall,Balo da nữ thời trang hottrend   BL881 - Tặng móc gấu,48 đánh giá,67.000 ₫,5,1,1,6,35,4.4,FIREMAN SHOP,86%,100%,100%
No Brand,Túi xách và Vali túi du lịch,//vn-live-05.slatic.net/p/638148ea43c02d689275a2669e00346d.jpg_720x720q80.jpg_.webp,Non-Mall,COMBO 4 MÓN BALO TẶNG KÈM TÚI TOTE VÀ BÓP VÍ HỌC SINH - balo nữ ba lô nữ ba lo ba lô balo nữ đi học hàn quốc balo nữ đi học cá tính balo nữ hot balo du lịch ba lô nữ đi học balo nữ đi chơi ba lô nữ balo đi - SET BLACK,180 đánh giá,58.900 ₫,5,3,9,12,151,4.7,Balo Túi Xách Giá Tận Gốc (HCM),91%,30%,100%
Three Box,Túi xách và Vali túi du lịch,//vn-live-05.slatic.net/p/96af628e35f67d4c25090d5a6c6a52a7.jpg_720x720q80.jpg_.webp,Mall,Balo da nam nữ thương hiệu Three-box - BL3518,42 đánh giá,350.000 ₫,0,0,0,2,40,5.0,Three-Box Việt Nam,99%,92%,100%
No Brand,Túi xách và Vali túi du lịch,//vn-live-05.slatic.net/p/cb88435ff9db6bb77ae62c6c48a3c799.png_720x720q80.jpg_.webp,Non-Mall,Balo thời trang nam nữ học sinh sinh viên rego (có hình thật),24 đánh giá,72.950 ₫,0,0,0,2,22,4.9,MUA ƯU ĐÃI,87%,97%,100%
No Brand,Túi xách và Vali túi du lịch,//vn-live-05.slatic.net/p/9c6a731cddfb2472486f8abd5494ce52.jpg_720x720q80.jpg_.webp,Non-Mall,Balo Thời Trang Nữ Da Trơn- BL020,15 đánh giá,72.247 ₫,0,0,0,0,15,5.0,Giá Tốt 24.7,93%,98%,100%
Lata,Túi xách và Vali túi du lịch,//vn-live-05.slatic.net/p/c3b9ed746fd01bca0d1e43533e590aa5.jpg_720x720q80.jpg_.webp,Mall,Balo nữ thời trang LATA BAL35,12 đánh giá,278.000 ₫,0,1,1,0,10,4.6,LATA,95%,99%,100%
yuumy,Túi xách và Vali túi du lịch,//vn-live-05.slatic.net/p/594facc3a0aefd191115d9a63af15b2b.jpg_720x720q80.jpg_.webp,Mall,Balo nữ thời trang YUUMY YBA14,99 đánh giá,153.000 ₫,2,1,1,7,88,4.8,Yuumy Official Store,98%,97%,100%
Lata,Túi xách và Vali túi du lịch,//vn-live-05.slatic.net/p/00d0cd764687efc9a459ac40dd77c87d.jpg_720x720q80.jpg_.webp,Mall,Balo nữ thời trang đa năng YUUMY YBA21,584 đánh giá,190.000 ₫,4,1,6,16,557,4.9,LATA,95%,99%,100%
Lata,Túi xách và Vali túi du lịch,//vn-live-05.slatic.net/p/f48d3e946fd75e3b54f6ab2100ce5c71.jpg_720x720q80.jpg_.webp,Mall,"Balo nữ thời trang YUUMY YBA8 chất liệu da tổng hợp cao cấp mềm mại, không bong tróc và không thấm nước, ngăn đựng rộng rãi mang nhiều vật dụng cá nhân",236 đánh giá,193.000 ₫,3,3,1,18,211,4.8,LATA,95%,99%,100%
Lata,Túi xách và Vali túi du lịch,//vn-live-05.slatic.net/p/7b4b075385cc3e74906f2fdb5ce398b5.jpg_720x720q80.jpg_.webp,Mall,Balo nữ thời trang YUUMY YBA7,47 đánh giá,142.000 ₫,2,0,0,1,44,4.8,LATA,95%,99%,100%
Lata,Túi xách và Vali túi du lịch,//vn-live-05.slatic.net/p/52356d01537382c5eedbf94d5d111817.jpg_720x720q80.jpg_.webp,Mall,Balo nữ thời trang đa năng LATA BAL37,8 đánh giá,361.000 ₫,0,0,1,0,7,4.8,LATA,95%,99%,100%
LouisWill,Túi xách và Vali túi du lịch,//my-live-05.slatic.net/p/f83cdbcdfbdaf74977545e650a4dc45c.jpg_720x720q80.jpg_.webp,Mall,Ba lô đeo 2 kiểu oxford unisex nam nữ chất liệu chống thấm nước kiểu dáng thời trang LouisWill,38 đánh giá,211.000 ₫,,,,,,,LouisWill,97%,100%,81%
OEM,Túi xách và Vali túi du lịch,//vn-live-05.slatic.net/p/2d1204860609795b2cf2fc7f60b0ba9a.jpg_720x720q80.jpg_.webp,Non-Mall,Balo nữ mini Hàn Quốc T60810. Balo nữ Hàn Quốc cute. Balo nữ mini thời trang. Balo nữ Ulzzang đẹp Balo nữ đi học nhiều ngăn - NAZA,10 đánh giá,149.000 ₫,0,0,0,1,9,4.9,NAZA BAG,96%,100%,100%
OEM,Túi xách và Vali túi du lịch,//vn-live-05.slatic.net/p/mdc/927b8c1f2f73a095056fce98638a48be.jpg_720x720q80.jpg_.webp,Non-Mall,BALO NỮ THỜI TRANG MỚI (nơ hàn quốc),41 đánh giá,68.000 ₫,2,0,2,4,33,4.6,Giá Tốt 24.7,93%,98%,100%
No Brand,Túi xách và Vali túi du lịch,//vn-live-05.slatic.net/p/07ae1a1f8526d5ac799d41e8f9b3f1a9.jpg_720x720q80.jpg_.webp,Non-Mall,Balo nữ vải dù chống thấm nước cao cấp dây đeo vai thời trang LX0029,138 đánh giá,128.900 ₫,1,0,3,3,131,4.9,Công Nghệ Shop,94%,99%,100%
OEM,Túi xách và Vali túi du lịch,//vn-live-05.slatic.net/p/0be5a72c35efc38eb98ec84123424179.jpg_720x720q80.jpg_.webp,Non-Mall,"Balo Ulzzang, Balo Chống Nước Không Họa Tiết Tặng Kèm Móc BH 82",Không có đánh giá,114.900 ₫,0,0,0,0,0,0,ANITON STORE,93%,88%,100%
OEM,Túi xách và Vali túi du lịch,//vn-live-05.slatic.net/p/5539ab1d0cf3ab5c2141cfd37d2e6c25.jpg_720x720q80.jpg_.webp,Non-Mall,"Balo nữ đi học Hàn Quôc TN40, Balo nữ Ulzzang- Naza",90 đánh giá,159.020 ₫,0,0,2,8,80,4.9,NAZA BAG,96%,100%,100%
H & N,Túi xách và Vali túi du lịch,//vn-live-05.slatic.net/p/35a83c38f9c243a60faff3ae134d66ec.jpg_720x720q80.jpg_.webp,Mall,Túi đeo chéo HN JOLY 4,Không có đánh giá,49.000 ₫,0,0,0,0,0,0,ĐỒ DA H&N,,100%,100%
BEE GEE,Túi xách và Vali túi du lịch,//vn-live-05.slatic.net/p/d5fbd3cc1086a50c5dc4f4e54b00320c.jpg_720x720q80.jpg_.webp,Mall,( FREESHIP + TẶNG MK + VIDEO ) Túi đeo chéo mini nam nữ unisex thời trang Hàn quốc có thể làm bóp ví cầm tay BEE GEE 094,224 đánh giá,22.000 ₫,6,4,10,24,180,4.6,BEE GEE,94%,98%,100%
HARAS,Túi xách và Vali túi du lịch,//vn-live-05.slatic.net/p/f09cacbf13dd03ec2d3463a4b49c9af7.jpg_720x720q80.jpg_.webp,Mall,Túi Đeo Chéo Hàn Quốc Haras Hr173Vn (Đen) Chất Liệu Cao Cấp Mềm Mại Dễ Vệ Sinh Phù Hợp Nhiều Phong Cách,3128 đánh giá,30.400 ₫,,,,,,,HARA Shop,93%,95%,100%
No Brand,Túi xách và Vali túi du lịch,//vn-live-05.slatic.net/p/8e5f66894eb68ac0fb094e22546df9f7.jpg_720x720q80.jpg_.webp,Non-Mall,"Túi đeo chéo nam không bám bụi có lỗ sạc , tai nghe DB1571",9 đánh giá,46.000 ₫,0,0,0,0,9,5.0,Thời Trang Onimax,93%,100%,100%
No Brand,Túi xách và Vali túi du lịch,//vn-live-05.slatic.net/p/5391d858ddc49016e3053c762022ef12.jpg_720x720q80.jpg_.webp,Non-Mall,"Túi đeo chéo nam, túi chéo nam vải canvas chống nước phong cách Hàn Quốc tích hợp 3 ngăn chứ đồ tiện lợi",1858 đánh giá,41.690 ₫,12,5,31,122,1688,4.9,Siêu Thị TOP Mart,96%,100%,100%
Three Box,Túi xách và Vali túi du lịch,//vn-live-05.slatic.net/p/048c0175582347c8c9a6134d021f5a24.jpg_720x720q80.jpg_.webp,Mall,"Túi bao tử nam nữ Jump đeo ngực, đeo chéo Three-Box Brand",77 đánh giá,49.000 ₫,0,0,0,4,73,4.9,Three-Box Việt Nam,99%,92%,100%
No Brand,Túi xách và Vali túi du lịch,//vn-live-05.slatic.net/p/3dbca36c51813afd564ee2155d9daca5.jpg_720x720q80.jpg_.webp,Non-Mall,Túi đeo chéo trẻ trung phong cách,380 đánh giá,22.150 ₫,28,15,31,32,274,4.3,Xưởng May Thanh Lời,88%,100%,100%
No Brand,Túi xách và Vali túi du lịch,//vn-live-05.slatic.net/p/359205d75f133cb01c59738da1785bbd.png_720x720q80.jpg_.webp,Non-Mall,Túi đeo chéo nam vải canvas chống nước kiểu dáng Hàn Quốc TC78,141 đánh giá,46.000 ₫,1,1,3,6,130,4.9,top-top,96%,100%,100%
Lata,Túi xách và Vali túi du lịch,//vn-live-05.slatic.net/p/15ff68b14095e67cdfaeb325a058eda6.jpg_720x720q80.jpg_.webp,Mall,"Túi đeo chéo nam TRITA RTN4, 4 ngăn, vừa ipad 9.7 inchs, ví tiền, điện thoại, cáp sạc, phù hợp đi chơi, đi làm, đi họp, đi du lịch, da tổng hợp cao cấp, không bong tróc, không thấm nước, bảo hành 1 năm.",27 đánh giá,169.000 ₫,0,0,0,0,27,5.0,LATA,95%,99%,100%
OEM,Túi xách và Vali túi du lịch,//vn-live-05.slatic.net/p/ae7a29f4ef9ed2f207216701069069a5.jpg_720x720q80.jpg_.webp,Non-Mall,Túi Đeo Da Cao Cấp UNISEX (NA),126 đánh giá,87.300 ₫,2,0,2,5,117,4.9,Pitishop,90%,100%,100%
No Brand,Túi xách và Vali túi du lịch,//vn-live-05.slatic.net/p/782b8fc3e0a11a55eda9574060e40f7c.jpg_720x720q80.jpg_.webp,Non-Mall,"Túi Đeo Chéo Cho Nam - URBAN - Túi thao tác nhanh, thiết kế thông minh, chống nước, ngăn chứa rộng lơn",Không có đánh giá,279.000 ₫,0,0,0,0,0,0,AlphaShop.81,,Không đủ thông tin,100%
HARAS,Túi xách và Vali túi du lịch,//vn-live-05.slatic.net/p/095184953ecf1a9ad98ac52f6243caec.jpg_720x720q80.jpg_.webp,Mall,Túi Đeo Chéo Hàn Quốc HARAS HR147VN (XÁM),727 đánh giá,31.000 ₫,36,21,44,91,535,4.5,HARA Shop,93%,95%,100%
4U,Túi xách và Vali túi du lịch,//vn-live-05.slatic.net/p/ec25f591df9206f0b15d8a184d770b40.jpg_720x720q80.jpg_.webp,Mall,Túi da nam đeo chéo 4U thời trang đựng vừa ipad D267N (Nâu),348 đánh giá,126.000 ₫,7,3,44,64,230,4.5,4U Official,96%,100%,100%
HARAS,Túi xách và Vali túi du lịch,//vn-live-05.slatic.net/p/9ab2402c98b82058f0e10c2e753cad61.jpg_720x720q80.jpg_.webp,Mall,Túi Đeo Chéo mini Thời Trang HARAS HR281,14 đánh giá,39.000 ₫,,,,,,,HARA Shop,93%,95%,100%
OEM,Túi xách và Vali túi du lịch,//vn-live-05.slatic.net/p/5159352422900df90604d6eab065581b.jpg_720x720q80.jpg_.webp,Mall,"Túi Đeo Vai Nam Size To, Túi Đeo Chéo Vải Bố Siêu Bền",61 đánh giá,104.890 ₫,1,0,1,6,53,4.8,BEE COOK,94%,100%,100%
No Brand,Túi xách và Vali túi du lịch,//vn-live-05.slatic.net/p/d3031a31349842be50c37497a09caee2.jpg_720x720q80.jpg_.webp,Non-Mall,Túi đeo chéo nam Unisex phong cách Hàn Quốc tích hợp 3 ngăn chứa đồ tiện dụng - Túi chéo nam,150 đánh giá,53.510 ₫,3,1,3,10,133,4.8,9-Hope,96%,100%,100%
No Brand,Túi xách và Vali túi du lịch,//vn-live-05.slatic.net/p/8cf5f720263a92294eaef11975467339.jpg_720x720q80.jpg_.webp,Non-Mall,[HÀNG TỐT - GIẢM THÊM 12%] TÚI ĐEO CHÉO NAM DA- Túi Nam Đeo Chéo Đẹp Có cổng sạc USB và lỗ tai nghe thời trang Hàn Quốc,981 đánh giá,39.790 ₫,45,19,37,72,808,4.6,HÀNG SỈ RUBI,93%,99%,100%
4U,Túi xách và Vali túi du lịch,//vn-live-05.slatic.net/p/3a39ee7b62c7217b5d17982a21d5c03d.jpg_720x720q80.jpg_.webp,Mall,Túi đeo chéo nam thời trang 4U cao cấp lịch lãm sang trọng D272N,10 đánh giá,113.000 ₫,0,0,0,0,10,5.0,4U Official,96%,100%,100%
No Brand,Túi xách và Vali túi du lịch,//vn-live-05.slatic.net/p/d955608c082e8e7e494b0f237114f788.jpg_720x720q80.jpg_.webp,Non-Mall,Túi đeo chéo nam nữ Unisex thời trang siêu nhẹ chống nước TC006,51 đánh giá,76.300 ₫,0,0,0,5,46,4.9,DarkMan,95%,100%,100%
No Brand,Túi xách và Vali túi du lịch,//vn-live-05.slatic.net/p/3c49f64d6f4762b53d637a3060ab2c6f.jpg_720x720q80.jpg_.webp,Non-Mall,TÚI CHÉO BANAWWA DA BÓNG PHỐI TÚI TRONG SUỐT,2 đánh giá,37.905 ₫,,,,,,,chuyên sỉ balo túi đồng hồ,91%,91%,100%
BEE GEE,Túi xách và Vali túi du lịch,//vn-live-05.slatic.net/p/32284ad2d015738fa3e128572a87c762.jpg_720x720q80.jpg_.webp,Mall,( TẶNG MK + MGG ) Túi đeo chéo nam nữ unisex thời trang BEE GEE 085 chống thấm nước siêu đẹp giá rẻ,204 đánh giá,31.200 ₫,2,0,2,14,186,4.9,BEE GEE,94%,98%,100%
,Túi xách và Vali túi du lịch,//vn-live-05.slatic.net/p/5481d4d4c11e683b929bc944c6e3af86.jpg_720x720q80.jpg_.webp,Non-Mall,"Túi đeo bụng da, Túi đeo trước bụng nam, Túi đeo ngang bụng da 6 ngăn",338 đánh giá,58.900 ₫,,,,,,,YOOTA-VN,95%,95%,100%
BEE GEE,Túi xách và Vali túi du lịch,//vn-live-05.slatic.net/p/e2b82b970f65156e207ee38939f2c4bc.jpg_720x720q80.jpg_.webp,Mall,( Bảo hành 2 năm ) Túi đeo chéo nam nữ unisex thời trang BEE GEE 085 chống thấm nước siêu đẹp giá rẻ,170 đánh giá,31.120 ₫,2,2,5,14,147,4.8,BEE GEE,94%,98%,100%
No Brand,Túi xách và Vali túi du lịch,//vn-live-05.slatic.net/p/15c821e26c02c9870c3dfed6a8f7d918.jpg_720x720q80.jpg_.webp,Non-Mall,"Túi đeo chéo nam phong cách Hàn Quốc - Túi bao tử nam chống nước, chống bám bụi",70 đánh giá,95.030 ₫,1,1,1,1,66,4.9,9-Hope,96%,100%,100%
OEM,Túi xách và Vali túi du lịch,//vn-live-05.slatic.net/p/mdc/dc39fa10643991d14e93a71d545dcf13.jpg_720x720q80.jpg_.webp,Non-Mall,[HCM]Túi đeo chéo nam Túi đeo chéo nữ kiểu Túi thể thao du lịch hình MUSIC siêu cute có ngăn đựng bình nước KDR-TDC164 Kodoros,9 đánh giá,85.500 ₫,0,0,0,0,9,5.0,Kodoros,95%,100%,100%
yuumy,Túi xách và Vali túi du lịch,//vn-live-05.slatic.net/p/6bcca123ba0653a5195d7e4dbcc4bf2d.jpg_720x720q80.jpg_.webp,Mall,Balo đeo chéo YUUMY YBAC1,24 đánh giá,136.000 ₫,0,0,1,0,23,4.9,Yuumy Official Store,98%,97%,100%
No Brand,Túi xách và Vali túi du lịch,//vn-live-05.slatic.net/p/8954d2b6abf69c9a3f8724c50a622fd7.jpg_720x720q80.jpg_.webp,Non-Mall,Túi đeo chéo Messenger vải Oxford thời trang chống thấm nước - Túi đeo chéo nam TC123,16 đánh giá,68.370 ₫,,,,,,,9-Hope,96%,100%,100%
laza,Túi xách và Vali túi du lịch,//vn-live-05.slatic.net/p/81b328d78d24b0dce546b915bef48e5d.png_720x720q80.jpg_.webp,Mall,Túi Đeo Chéo Nam Hàn Quốc LAZA TX361- Chính hãng phân phối,796 đánh giá,33.320 ₫,35,21,49,124,567,4.5,LAZA Official Store,91%,100%,100%
4U,Túi xách và Vali túi du lịch,//vn-live-05.slatic.net/p/e5a0f17fcd94b6797a062b42c626d5da.jpg_720x720q80.jpg_.webp,Mall,Túi Nam Đeo Chéo Da Bò DAVANTI Thời Trang Tiện Dụng BA295,14 đánh giá,274.000 ₫,1,0,0,1,12,4.6,4U Official,96%,100%,100%
OEM,Túi xách và Vali túi du lịch,//vn-live-05.slatic.net/p/984782398f5397883ab3532150090f91.jpg_720x720q80.jpg_.webp,Non-Mall,TÚI BAO TỬ ĐEO CHÉO NAM THỜI TRANG - Tiện DỤNG (Đen) NA1,37 đánh giá,85.000 ₫,1,1,1,3,31,4.7,Pitishop,90%,100%,100%
BEE GEE,Túi xách và Vali túi du lịch,//vn-live-05.slatic.net/p/7ccc965549960a44c1c3e12381e01671.png_720x720q80.jpg_.webp,Mall,Túi đeo chéo nam nữ unisex thời trang BEE GEE 071 Chất liệu Polyester chống nước Kích thước 26cm x 16cm x 3cm,12 đánh giá,63.200 ₫,0,0,2,2,8,4.5,BEE GEE,94%,98%,100%
OEM,Túi xách và Vali túi du lịch,//vn-live-05.slatic.net/p/f977d38254a81b7fb522be684fe6bc98.png_720x720q80.jpg_.webp,Non-Mall,[HCM]Túi đeo chéo thời trang nam nữ cao cấp Chất liệu Vải polyester bền đẹp Đường may chắc chắn,396 đánh giá,31.500 ₫,23,4,31,34,304,4.5,MIHI STORE,94%,98%,100%
No Brand,Túi xách và Vali túi du lịch,//vn-live-05.slatic.net/p/2fb545a7ec9c1454e985f517af085df6.jpg_720x720q80.jpg_.webp,Non-Mall,[HCM]Balo đeo chéo 1 quai thời trang chiến thuật mã 2065,14 đánh giá,278.000 ₫,,,,,,,phukienmayanh2018,95%,90%,100%
Adidas,Túi xách và Vali túi du lịch,//vn-live-05.slatic.net/p/6b4b3cc8a6600b7a45c581e278c79d8a.jpg_720x720q80.jpg_.webp,Non-Mall,Túi đeo chéo Adidas Essential Crossbody Bag Black DV2400,33 đánh giá,140.000 ₫,0,0,4,3,26,4.7,Emmy Shop,94%,100%,100%
CHENNY,Túi xách và Vali túi du lịch,//vn-live-05.slatic.net/p/8e5ee1c00e2c035c95c07048d14920f4.jpg_720x720q80.jpg_.webp,Non-Mall,[HCM]Túi đeo chéo Messenger thời trang cao cấp không thấm nước đeo vai sành điệu,108 đánh giá,46.400 ₫,2,0,1,4,101,4.9,Chennybag,96%,100%,100%
OEM,Túi xách và Vali túi du lịch,//vn-live-05.slatic.net/p/be232c0e9a669187e80748986efe97e4.jpg_720x720q80.jpg_.webp,Non-Mall,"Túi đeo chéo bao tử thời trang, chống nước (Đen) TN1",25 đánh giá,75.000 ₫,,,,,,,Túi Xách New 3,96%,100%,100%
OEM,Túi xách và Vali túi du lịch,//vn-live-05.slatic.net/p/7/tui-deo-cheo-1-quai-the-thao-du-lich-chong-nuoc-quan-doi-my-den-tdq1-3314-71780633-3c2db838b7ba3aa894e4a4d6f807e435-catalog.jpg_720x720q80.jpg_.webp,Non-Mall,Túi đeo chéo 1 QUAI thể thao du lịch chống nước quân đội Mỹ (Đen) TDQ1,95 đánh giá,70.000 ₫,3,3,5,17,67,4.5,Pitishop,90%,100%,100%
Shalla,Túi xách và Vali túi du lịch,//vn-live-05.slatic.net/p/d5aa2bebef39f4854b7f208f6f846c7d.jpg_720x720q80.jpg_.webp,Non-Mall,Túi đeo chéo vải nam và nữ mini phản quang xanh sộc dọc U7 Shalla,51 đánh giá,72.000 ₫,0,0,1,1,49,4.9,Shalla vali balo,95%,92%,100%
No Brand,Túi xách và Vali túi du lịch,//vn-live-05.slatic.net/p/be2a8203991c7a8b79633928581d24eb.jpg_720x720q80.jpg_.webp,Non-Mall,Túi đeo chéo nam Unisex phong cách Hàn Quốc tích hợp cổng sạc USB - Balo mini TC06,12 đánh giá,173.420 ₫,0,0,0,0,12,5.0,9-Hope,96%,100%,100%
BEE GEE,Túi xách và Vali túi du lịch,//vn-live-05.slatic.net/p/158bb59aed3ee02ed208e1c355a92c06.jpg_720x720q80.jpg_.webp,Mall,( FREESHIP + MGG + QUÀ TẶNG + VIDEO ) Túi đeo chéo nam nữ thời trang Hàn quốc K012 BEE GEE,13 đánh giá,95.200 ₫,1,0,1,0,11,4.5,BEE GEE,94%,98%,100%
